trial,in_mask,out_mask,count_zero,prob,abs_bias,z,exceeds_threshold,timestamp
1,95d889e64720d1ee0879008d436108f4,4576183f3f77d631e4e88caccb8f094b,24883,0.497660,0.002340,-1.046,0,2026-07-07T10:13:52
2,7ce91f0c11a8006c24bf67c0e59bf59d,797154a45cf7c379717a426f446b1bd5,25058,0.501160,0.001160,+0.519,0,2026-07-07T10:13:52
3,f65031005a243b96592d2d6aad5afb62,647d3359989b6c7518baa7115b2c69a8,25054,0.501080,0.001080,+0.483,0,2026-07-07T10:13:52
4,6ba91a4f4d3e85b7139e6026e9cfd694,9dced2505eb13d6ddd162104c0837661,25027,0.500540,0.000540,+0.241,0,2026-07-07T10:13:52
5,1b39a55a3a8c0507e73bd7baf6aaea2f,5859a4189569eacb33d8b58d5f8a7073,25012,0.500240,0.000240,+0.107,0,2026-07-07T10:13:53
6,57b8efb0ec13dc0bd4404854cf5de399,21e5f8daeb9eb9cbb2eb33b5515d0d88,24905,0.498100,0.001900,-0.850,0,2026-07-07T10:13:53
7,e5e4bf510f8f8ef56719716469a4b1a5,0d777bae0a9666336087b201ff74a605,24977,0.499540,0.000460,-0.206,0,2026-07-07T10:13:53
8,214b51c4bff8b1a7947eef76c2ad8fd8,208d7b91fdd15bef252db24e1d2a7cd4,24923,0.498460,0.001540,-0.689,0,2026-07-07T10:13:53
9,626096cddbc6bac28665af25fe041408,49309c8cd0d2c6ee7a038d362064f762,24945,0.498900,0.001100,-0.492,0,2026-07-07T10:13:54
10,30802464bea6020b969ccfb40d9e4aae,7b73fc1212f823332e791bd996fc5ec7,25209,0.504180,0.004180,+1.869,0,2026-07-07T10:13:54
11,c237452890e3466dd519fb4db531991f,bed3096e38d985702e3c39a9dbe606c0,24986,0.499720,0.000280,-0.125,0,2026-07-07T10:13:54
12,8388f7961127307b6c75e4e7d2c92dac,8a0320734472fc71c493db2970700e39,25037,0.500740,0.000740,+0.331,0,2026-07-07T10:13:54
13,16650dc472fadd4197684685aa2734f7,afcd40064ee246fa7b4e5405ee481e1e,24937,0.498740,0.001260,-0.563,0,2026-07-07T10:13:55
14,ef6bfb09fdae1efaa84881d206fc5979,f59ee6086f1e386efdbf72a8cb9f5589,25109,0.502180,0.002180,+0.975,0,2026-07-07T10:13:55
15,bdb73cdb7404fb09d55281855682fed6,4dbf47eecac2565586a596aa183fc2b6,25061,0.501220,0.001220,+0.546,0,2026-07-07T10:13:55
16,33a0914757134d6259edc6408b31d8c4,8807778120aa3a5ec755516cf07decfa,25084,0.501680,0.001680,+0.751,0,2026-07-07T10:13:55
17,93c97a5a139ff3b5b5ccd2bce336527e,2bc03802b63e9e5b4fe11474f65b2f7d,25030,0.500600,0.000600,+0.268,0,2026-07-07T10:13:56
18,39d2c72f4b1c9f4bbc92e477e41a4113,1a220dead9fc12f0eef347f7a4ac4474,24902,0.498040,0.001960,-0.877,0,2026-07-07T10:13:56
19,8fb357b1c0e776eac3096603233c589e,a2c37d4506a425d600fe12f9023b1e82,24875,0.497500,0.002500,-1.118,0,2026-07-07T10:13:56
20,4a0f503ba9f528100fed3ff1d8ba3ecf,e66fb2a979cf7df63aa7d16cc5e61b55,24992,0.499840,0.000160,-0.072,0,2026-07-07T10:13:57
21,43524e8d15469c8b9d3fb5f39f2300cd,1ce95136763399232f8a5ba0842d79ce,25113,0.502260,0.002260,+1.011,0,2026-07-07T10:13:57
22,5915f4febc4448da1ff649ba4815cbe2,6b296d17ad33bb31be3e6c0928ae0372,24775,0.495500,0.004500,-2.012,1,2026-07-07T10:13:57
23,0d28cf963acf09097003cda53f6f56e8,5862af0231aa9c7846a58b72ec12d2e1,25023,0.500460,0.000460,+0.206,0,2026-07-07T10:13:57
24,10f440ec6944d06f98aa2a1431f8e639,4f5e0460c5518805eff61a9973883d20,24990,0.499800,0.000200,-0.089,0,2026-07-07T10:13:58
25,2e92fca3fa8aeab6ad87ba9765f99fe6,60562035701fc53140d5b4823111a4c5,24886,0.497720,0.002280,-1.020,0,2026-07-07T10:13:58
26,2b98e7fe4684e51fdf9886d24a19536d,29d5eacc652a1f009dabbc300e9a60bc,24856,0.497120,0.002880,-1.288,0,2026-07-07T10:13:58
27,bd221f8311c321346e93199613481343,f7c8e2379d1da82e5d3e1c59ff4e4645,25084,0.501680,0.001680,+0.751,0,2026-07-07T10:13:59
28,b8b6203c5648ad6c46b9b215afb90a9a,f1af730f3ee5814b2c7faf20f964f750,25108,0.502160,0.002160,+0.966,0,2026-07-07T10:13:59
29,6564d8023ac09ddf43da11f1263fb736,c0124e50590b6f3b92e4d3bd5539cc1f,25035,0.500700,0.000700,+0.313,0,2026-07-07T10:13:59
30,cb46ec8b67fe5fe223cab1660e8995ec,d59e87121156512ca9f7d764cbbb1bac,24933,0.498660,0.001340,-0.599,0,2026-07-07T10:13:59
31,676d518348b30c887b84840c444e32b3,1f110ab4140f2f494e050084903c25ac,25117,0.502340,0.002340,+1.046,0,2026-07-07T10:14:00
32,500c93fa5359d6e582b6b0f157920e64,df03c20205d1de9d489bb72b4434ad60,24972,0.499440,0.000560,-0.250,0,2026-07-07T10:14:00
33,6f2e0e556bc3e36ea9e487d0bd71a0f1,d298310e67f782059e78faa216502e18,24969,0.499380,0.000620,-0.277,0,2026-07-07T10:14:00
34,d15e42ff344dfec11ff1a9ccb549e8bd,83bb9878988da1586ce45a444d8252c4,25146,0.502920,0.002920,+1.306,0,2026-07-07T10:14:01
35,3fe77c20fcd3d35cf7ddc59298313aff,27da271fe111aa1ff8514657ed862961,25126,0.502520,0.002520,+1.127,0,2026-07-07T10:14:01
36,2231e886e916db3c408535e4e4544180,82e1a8c03cf0942e6acf5251c247e09e,24949,0.498980,0.001020,-0.456,0,2026-07-07T10:14:01
37,3d91bd10a4277a6a533b8b381515f75f,eedf7e8d5b9321de30f75de09c5d620b,24830,0.496600,0.003400,-1.521,0,2026-07-07T10:14:01
38,d88913e554fd460a6433d6fe2ae2c3f0,d3e1d30f0a52c933d1a07a3d516c899c,25118,0.502360,0.002360,+1.055,0,2026-07-07T10:14:02
39,381de0c04c587cf6b6dc2a28c09a2935,937cb80422cf89c7e27ccbea14ec84c5,24975,0.499500,0.000500,-0.224,0,2026-07-07T10:14:02
40,a1f3e1d68477c91058ce01d8277fd681,9d75b46fd75ce338a140bdcc3373c374,25028,0.500560,0.000560,+0.250,0,2026-07-07T10:14:02
41,9ec86a430c2a32ca1bc06f55d376a6ef,7adf9c83a200a4c5dc59ef3db2aa1fd3,24977,0.499540,0.000460,-0.206,0,2026-07-07T10:14:02
42,de1adb5f8fe63b03544b114ad90b2584,640ff229144cbaed458ef29d96fde324,25095,0.501900,0.001900,+0.850,0,2026-07-07T10:14:03
43,708b1d51d3a56a66eaf452074e3168e1,a8f5776e3cb786bc06d4dd2ff214d8ff,25119,0.502380,0.002380,+1.064,0,2026-07-07T10:14:03
44,b97bc302d2d961260472efb3757dc598,4e7cb45a070d30622c4adfd599cbe528,25140,0.502800,0.002800,+1.252,0,2026-07-07T10:14:03
45,b34b2f8f02fa677b1b28b7471f920db7,d87883f828b4cf7727f071f86488e62e,24912,0.498240,0.001760,-0.787,0,2026-07-07T10:14:04
46,7e7d395b59904ccc6bb85a14ad68dd79,e5b814ee40782956db0b4ab961bc82c8,24673,0.493460,0.006540,-2.925,1,2026-07-07T10:14:04
47,2179c9f08bf6e1156b441955308d0a87,c509fcdc9c0ab2e7218ea36251f16296,24917,0.498340,0.001660,-0.742,0,2026-07-07T10:14:04
48,fb95a0be39889b9ff63071f1af283d9d,e0188a8b8a1957eb291f5e0ee1d7ace6,24963,0.499260,0.000740,-0.331,0,2026-07-07T10:14:04
49,4d6105f3bfd9225ec830dd23da0cbe7a,423f0bf7f2bb08126d05da6da8ce6418,24934,0.498680,0.001320,-0.590,0,2026-07-07T10:14:05
50,5c83cdcf422034df0c3033d07a49a503,7958ad08ceab205cd1eedad30eeeb6df,24886,0.497720,0.002280,-1.020,0,2026-07-07T10:14:05
51,8f96640431b878f5372145949bdce9fe,cfb985f9ec95986be887ba587204fd9c,25132,0.502640,0.002640,+1.181,0,2026-07-07T10:14:05
52,133ae725f28984c9df1f2ef76b6027a4,8ae9adaffe54380670f09d1ace0bbddc,25179,0.503580,0.003580,+1.601,0,2026-07-07T10:14:06
53,60c8984f5bf872d53ed45f82d69ef61d,b0da9e46593889f8883a3c132734409a,25198,0.503960,0.003960,+1.771,0,2026-07-07T10:14:06
54,26862db96d1dadf1eb1dbada4d1c625d,00cfe4ccdc7f56a3eadee70450982f1d,25029,0.500580,0.000580,+0.259,0,2026-07-07T10:14:06
55,472d4416f58083644ba0f90ccef155b1,735f788a8367207fac35ddfdb4fd264c,24959,0.499180,0.000820,-0.367,0,2026-07-07T10:14:06
56,0fc6ccfa66096fa8097117e0f9aa6b00,b70ece7258b0e6fa1ccb880cfd2545da,24913,0.498260,0.001740,-0.778,0,2026-07-07T10:14:07
57,b4e92e73fc92ab51e78ad375c0bfad4d,31fcf8bf47948b6a27e95657e372b9a2,25074,0.501480,0.001480,+0.662,0,2026-07-07T10:14:07
58,9ab84a635d315bea896b813701e81e56,aac78b18c884baeda2670b06953908ca,24813,0.496260,0.003740,-1.673,0,2026-07-07T10:14:07
59,1b9aeafb8e54a85f59540ff9988193ca,28a871d25f243aa68d4c599c2f006662,24947,0.498940,0.001060,-0.474,0,2026-07-07T10:14:08
60,64df13e871230ee2b92f284db2565d84,53b0de54fcf08886c7b9f8dd6c3175ca,25026,0.500520,0.000520,+0.233,0,2026-07-07T10:14:08
61,e9503c9c0e222a552c04e2ae3c807987,c5d87839d817dbead14768cbebbc17e2,25054,0.501080,0.001080,+0.483,0,2026-07-07T10:14:08
62,a76e9422dd63e53b4d58153063a17e03,619c85722e4e65402bac4c5b4f2e69ba,24999,0.499980,0.000020,-0.009,0,2026-07-07T10:14:08
63,3df5a4eb4f47e6f9c3da805749278cd9,32517244fcb4f18ae9376aed32f1eb40,25048,0.500960,0.000960,+0.429,0,2026-07-07T10:14:09
64,acd47c863325f29e12c35944c81cccf2,999e942ed4a555afcffedca8ad453f25,25059,0.501180,0.001180,+0.528,0,2026-07-07T10:14:09
65,129ca2c53c187aa2f97896243d288a33,eab6ef1af75f8842454ac148d0fc0579,25139,0.502780,0.002780,+1.243,0,2026-07-07T10:14:09
66,5798fa738295dbd7a14a6e10633d1329,5334f56265e2a18e19c36ec6533509e6,25158,0.503160,0.003160,+1.413,0,2026-07-07T10:14:09
67,bd0efdfb91aded5a29deeba36110d555,44823914d266082202db8579d2720530,25060,0.501200,0.001200,+0.537,0,2026-07-07T10:14:10
68,dac3edc131f181223f050e07028d09bc,07717b06c5de85f316f9f7c1f1c047b8,25121,0.502420,0.002420,+1.082,0,2026-07-07T10:14:10
69,16e770370cdfeacacdd39b71ff0df143,d481661cc5a46f8cee4ff7f1092a1bd6,24866,0.497320,0.002680,-1.199,0,2026-07-07T10:14:10
70,abecc52c94ae7587497d80277a6ed005,fd21ebe64d4c08f757e8250971c18ee0,25290,0.505800,0.005800,+2.594,1,2026-07-07T10:14:11
71,be10eb72e63c170fb0ac1ccf87935b24,ebce153a10b1356bf46c9a49b921ae3a,24905,0.498100,0.001900,-0.850,0,2026-07-07T10:14:11
72,d91a6d69d0540caa8203240719237a78,b7517fbce1d0106b9fb770efc0a2613e,25043,0.500860,0.000860,+0.385,0,2026-07-07T10:14:11
73,379eec6ef4e7df03711d86fb41741f01,e7dd57fdd862a5c11b1d67a80cdcb44d,24885,0.497700,0.002300,-1.029,0,2026-07-07T10:14:11
74,b904795e0fbc22bd1d786f4b0a25d1db,dc5b0c9f848e4d941d94e45716987b98,24827,0.496540,0.003460,-1.547,0,2026-07-07T10:14:12
75,bbf487fbb85b57f42b641d18cf1eb88d,2b120c9da0615f0cd1b8a9205a2eff46,25038,0.500760,0.000760,+0.340,0,2026-07-07T10:14:12
76,b833be6269857fa98f72d59d471d1fbf,9ebd3944e72fcbdd8ebdffd0a7d469c2,24942,0.498840,0.001160,-0.519,0,2026-07-07T10:14:12
77,7e467e482688e6fd3e51c50f97589706,199a814158a48f2c175e166dccaf30de,25038,0.500760,0.000760,+0.340,0,2026-07-07T10:14:13
78,5a940d8c2f80383b92799ff6e46ba9b7,7253b8ae90d123cab8fa1b9cebbe21c3,24969,0.499380,0.000620,-0.277,0,2026-07-07T10:14:13
79,49fb2888079e597632ea503f5bc0a84d,35e658608b613956bb16e58b6752368e,25235,0.504700,0.004700,+2.102,1,2026-07-07T10:14:13
80,7ed6ed167771e1ef24ae5c41df77a947,8548b73d464db7c1ded115e88c809485,24988,0.499760,0.000240,-0.107,0,2026-07-07T10:14:14
81,6a12765f2f3d817f7e8f76ca349d5e19,463ce5fe55f74ba64576bc44b4f71cfe,24927,0.498540,0.001460,-0.653,0,2026-07-07T10:14:14
82,1b4ee8963e528a8668e3800c417b0cfe,a7ac2aef7f4bfb3a4c7fb8ffa0cc6b49,24828,0.496560,0.003440,-1.538,0,2026-07-07T10:14:14
83,9e1ff95c01e6f987f5590a13db83fde7,036cb88b6abc62a311c5cb9b5446d6f0,25113,0.502260,0.002260,+1.011,0,2026-07-07T10:14:14
84,d309b3ed0b034b555aa94542eeb00ccf,282c5f31707376256ae9018a97655feb,25111,0.502220,0.002220,+0.993,0,2026-07-07T10:14:15
85,9e5b667e2c1d73cdc7bef5426edf58dc,f72ff5c6808da6dcba804317047d67ad,24931,0.498620,0.001380,-0.617,0,2026-07-07T10:14:15
86,0a955f1f88db0646235d7951e5c9ca40,8373270de1118831cb68f94a9c5806d7,24947,0.498940,0.001060,-0.474,0,2026-07-07T10:14:15
87,dc58a8b7b0a39d2d02906766ed025a52,12886418fef02b7817c7639ad6268409,25129,0.502580,0.002580,+1.154,0,2026-07-07T10:14:16
88,92f54d6b074f9f35f9e3faf21b905d07,6991f4bf7ca6c2728d6358527cbb0704,24961,0.499220,0.000780,-0.349,0,2026-07-07T10:14:16
89,2fc8b21907a86ff8fdd3a02c9e3cc232,8f35b09a30b55023c7f532f1246412aa,24965,0.499300,0.000700,-0.313,0,2026-07-07T10:14:16
90,b9d7538e2b1746487195ed4f2f2b0e43,f78baa2a23c372f0fcc37f3f9bbb8802,24870,0.497400,0.002600,-1.163,0,2026-07-07T10:14:17
91,1d4678a3ac6a199beb563fd235de3aa0,c4f6fe8b5da7c2c3b4668f9be84ebd37,25073,0.501460,0.001460,+0.653,0,2026-07-07T10:14:17
92,d202030a7f8d6fc73edda10104eb1a08,60da0275ab8b0e4fcb0c49fa7a0b8a8b,24990,0.499800,0.000200,-0.089,0,2026-07-07T10:14:17
93,3e07ef3ce86fcce0924f0843b36ab2db,215ffdd20fc16988e24a7ba8b33497f9,25268,0.505360,0.005360,+2.397,1,2026-07-07T10:14:17
94,2f4f957fee88681569b00e0ac4baf828,562351060b86c0082ddc9d8b14614932,25228,0.504560,0.004560,+2.039,1,2026-07-07T10:14:18
95,90e833aaac374b5735bc833bcecb0880,9185e6c40ac164384f4342038adc98e9,24971,0.499420,0.000580,-0.259,0,2026-07-07T10:14:18
96,4629a1f5c286d9daba6b0033edae5e7d,db70fe3b372207bdce77c4b007634877,24978,0.499560,0.000440,-0.197,0,2026-07-07T10:14:18
97,e40b4ef8595de1c8cd653d7ab1efef05,a38f606c47a18fa850651dde5798fe1f,24872,0.497440,0.002560,-1.145,0,2026-07-07T10:14:19
98,faa822b58e7db72c3c76587650175815,eedf05624fa16bbcaf4b6f1cdbed1ac7,24720,0.494400,0.005600,-2.504,1,2026-07-07T10:14:19
99,8b669100a2283cc86cb04cb4ea57373b,b10e9b5b370c1020b6bd8476bf58f549,25057,0.501140,0.001140,+0.510,0,2026-07-07T10:14:19
100,81712fdad8084b97112be65149d039b7,e3da6a3c62ec6a36824b95bc3125de98,24996,0.499920,0.000080,-0.036,0,2026-07-07T10:14:20
101,cd01c1b70bf1f55e001b18104b1f262a,911542bcb047a33f173237dbbbd391b5,24726,0.494520,0.005480,-2.451,1,2026-07-07T10:14:20
102,f95448121a947a244900e3ec016c8999,809baa9faef182b2071a82d0b3349e33,24964,0.499280,0.000720,-0.322,0,2026-07-07T10:14:20
103,676b82464be92b16d1bbb7cce36ce157,e5233fd85e9975290ccfd4ac94ebc9df,24978,0.499560,0.000440,-0.197,0,2026-07-07T10:14:20
104,a2d486149d3305f45a845e5d8a9e407d,4185101b3622276489e02d269ad8f0f1,25005,0.500100,0.000100,+0.045,0,2026-07-07T10:14:21
105,670f11cd22da5bd94d47edf36cfdcc1a,c4425494ad75f0ad0d6f779f719c41c2,24936,0.498720,0.001280,-0.572,0,2026-07-07T10:14:21
106,cec150c6633ca002e804ba0bcd2ceb85,e029803dc0edec49dba5fe678543e6de,25027,0.500540,0.000540,+0.241,0,2026-07-07T10:14:21
107,64ee08bc3ba8145bc0e73009255c730d,672950f1ff6e096252269bf0ab53c13e,24963,0.499260,0.000740,-0.331,0,2026-07-07T10:14:22
108,fb0662085e38a6ba7aaf1290e288d9f7,4a5194d74ef5b515a951ff46c3dad764,24981,0.499620,0.000380,-0.170,0,2026-07-07T10:14:22
109,879fd2e5605240ac1b085669e424580d,0d23822ea60a9a6b999d5fa3e3b6ff2b,24939,0.498780,0.001220,-0.546,0,2026-07-07T10:14:22
110,bca9a555da36290730df689e8c8b908e,af7bc809c1b8610eaf1d403c40b7f0ec,25022,0.500440,0.000440,+0.197,0,2026-07-07T10:14:23
111,cc8b5500ef30fb3b237db5687f303e44,6e3f0ee36ca51d1bfe474ce1b43433d0,24980,0.499600,0.000400,-0.179,0,2026-07-07T10:14:23
112,cfac9eff316dcda6e2f50d8cd18da1ca,ac8f9c90b229677b2597c669bc5ccd54,25104,0.502080,0.002080,+0.930,0,2026-07-07T10:14:23
113,1ad330ba223dfc899fb05ac322fbcef2,26a58c105422141779fc1e5c6c57d28b,25102,0.502040,0.002040,+0.912,0,2026-07-07T10:14:23
114,21edf0ba46644340061f399428ceb722,d7ab8e734e67d112a4e4c33de3c66e58,25046,0.500920,0.000920,+0.411,0,2026-07-07T10:14:24
115,393391cf6da5063c9c1bb6897f31839f,844a4bb081b6735e77f5810f72971e59,24921,0.498420,0.001580,-0.707,0,2026-07-07T10:14:24
116,64091a8b39051cf7d51b49f8448540cc,2ed335af88314556585687746983700e,24954,0.499080,0.000920,-0.411,0,2026-07-07T10:14:24
117,9385991db3110821fb865233c3b3ca99,95286516e560d596f6b02f5f73ae514d,25054,0.501080,0.001080,+0.483,0,2026-07-07T10:14:25
118,4fa93b3787092a1b637cc887ecf514b8,d9b2c18fedc0f4c730d987face144e2e,24939,0.498780,0.001220,-0.546,0,2026-07-07T10:14:25
119,2b59b9eeaa32d077a1b9c2453e73ca11,2866adfb694460453f2df96d10c9c226,25104,0.502080,0.002080,+0.930,0,2026-07-07T10:14:25
120,0acf0fffb33662ac11968c1999dfec95,9024fa25d5e20269b8695d9dc43e88ba,24952,0.499040,0.000960,-0.429,0,2026-07-07T10:14:25
121,ba04cdf5df9d4c01bd84300caad68bca,2d22e9ca5d31e8c3772ddb3679a6877f,25230,0.504600,0.004600,+2.057,1,2026-07-07T10:14:26
122,4849ccfab42033454c6ecf274352c33f,b16e21a3bbd87bd8bb02ad669df86ca7,24957,0.499140,0.000860,-0.385,0,2026-07-07T10:14:26
123,e574686b309fde19d200af41d106afc7,c6c87fe7c60fc6fc88aacd030040a889,24828,0.496560,0.003440,-1.538,0,2026-07-07T10:14:26
124,635d56d914caba06c8dfa078b9d0e5b4,e0452dcc25a0ada1119368596e0b8881,24928,0.498560,0.001440,-0.644,0,2026-07-07T10:14:27
125,d48697528396d6e485b4269d80378205,eb0c62c6cb92f9c2d59269dacf673d8a,25017,0.500340,0.000340,+0.152,0,2026-07-07T10:14:27
126,108ca5069296249c9c56a0203d0248c2,eb34f636cc3347ca631070205adfe330,24978,0.499560,0.000440,-0.197,0,2026-07-07T10:14:27
127,982f76eb70b5ef7e1b0cfc6bf72576fa,a81dee22e2769c1b875aa0b745194270,24904,0.498080,0.001920,-0.859,0,2026-07-07T10:14:28
128,4500a082a691266e90cbb1b24736b5d5,17a5b3557a2f69ea558e523188f5925b,24778,0.495560,0.004440,-1.986,0,2026-07-07T10:14:28
129,7e020864e1caa7f661d5ddb2f8f5702a,ec89aa17281ebe45c4e2390509583bed,24668,0.493360,0.006640,-2.969,1,2026-07-07T10:14:28
130,4903a90057bf6b6317c232312053702d,11d7fd3b025999ef0805aafc653256a5,25018,0.500360,0.000360,+0.161,0,2026-07-07T10:14:29
131,32c2df996e1dfc5a8fd38cfbc1840694,0a68adc5cf2b2a98696a61d9076539fb,25110,0.502200,0.002200,+0.984,0,2026-07-07T10:14:29
132,7ed6eb12a4358b81a623ef24c20784fc,d368db6c2e36eb88e7f0ec7969d7bb19,24893,0.497860,0.002140,-0.957,0,2026-07-07T10:14:29
133,cf268903be46cb621cd1d31265f4e41a,ced2191ae226a100a3b5569f3d873106,24992,0.499840,0.000160,-0.072,0,2026-07-07T10:14:29
134,270959a25d6c65fb3d3cdfb9974c15da,c603760b74f9b3f2c36397ec4d96348b,24996,0.499920,0.000080,-0.036,0,2026-07-07T10:14:30
135,fcd76d2f61b7ee552e053669cb3adbf7,3599ed34230631852d4d6ebd34308d74,24868,0.497360,0.002640,-1.181,0,2026-07-07T10:14:30
136,4e5ca4a47c46c75e6e490b12a3df76b9,07ec1f9f4444fb407d0ee2d34cce8a15,25086,0.501720,0.001720,+0.769,0,2026-07-07T10:14:30
137,ff5374cfc32e41a881789048dc548540,0ac5a3bd793de4a8a04f3a4d133f067d,24991,0.499820,0.000180,-0.080,0,2026-07-07T10:14:31
138,b9361e2ffae7b62b8d1df021e76fd1db,dd62a80ca1bbf3ef6957e3238c115f23,24793,0.495860,0.004140,-1.851,0,2026-07-07T10:14:31
139,f9f69e2e9f3f8a1d304d83878e31e8f3,c2f2840cde988d342767cd51e5e8170c,25052,0.501040,0.001040,+0.465,0,2026-07-07T10:14:31
140,0146d925142bf3ebff0157dcdb5fb5d7,5cd4d9beef18c4057bd7d86359e320b5,25285,0.505700,0.005700,+2.549,1,2026-07-07T10:14:32
141,42c8fe94d56e9f543047d250972903c2,3e768b8010f3cf93055df8a2660128bd,25015,0.500300,0.000300,+0.134,0,2026-07-07T10:14:32
142,fd4593ed6b03fabfabec21c3d1db791b,15f1db0aa3394d2f6a0d21c483ff1323,24904,0.498080,0.001920,-0.859,0,2026-07-07T10:14:32
143,f72eea6e863381d295e3a99e42e8505b,5592cb3342ecfd373aabb86747995209,24967,0.499340,0.000660,-0.295,0,2026-07-07T10:14:32
144,f31acf8a6ba5d51ef07ee8ab4a424a0b,1f7098edf600c49d43b9d705bbbc2acd,24893,0.497860,0.002140,-0.957,0,2026-07-07T10:14:33
145,3691892068ecb6cf3801560e1026701d,6fcf974a2f71af033a1d6b00be5deecd,24751,0.495020,0.004980,-2.227,1,2026-07-07T10:14:33
146,a54cfd4e41272009d273dae720d4df74,430e6555f64feacf7690703283b33748,25150,0.503000,0.003000,+1.342,0,2026-07-07T10:14:33
147,a92fe34a820118f8b5cef3b92660a0d0,210da62f17a4af895c84e9277dcfff18,25309,0.506180,0.006180,+2.764,1,2026-07-07T10:14:34
148,1c2bef36e74c85905e886344306f4f44,e083472498b63e95f666c2c3494a30c5,24916,0.498320,0.001680,-0.751,0,2026-07-07T10:14:34
149,59cd97ce16c75af05ffacd45c7c72873,f887bda16f175aa4b6f75dec89598a62,24978,0.499560,0.000440,-0.197,0,2026-07-07T10:14:34
150,c339f8e92e3ccb5ff923d8c4226b911d,829c49d694966fe68f5489d16c5aa392,24958,0.499160,0.000840,-0.376,0,2026-07-07T10:14:35
151,110e59e78b81d907dd3a0347f7256d85,38bdf9f71c4d6b25892dceef739c8a8b,24977,0.499540,0.000460,-0.206,0,2026-07-07T10:14:35
152,cbae5c76647f90fd2e92f8ccb5c1ea68,6f74978b896e14a1cbf5b663437e2263,25029,0.500580,0.000580,+0.259,0,2026-07-07T10:14:35
153,b6dd8694a6e9272adacfc609235f789e,98bdc26d7629e0f269015ba27b5e34b9,25077,0.501540,0.001540,+0.689,0,2026-07-07T10:14:36
154,e648bf33a90da5823f8dfa8081e01713,9afd2ee84582583bbd07dadd647e1fe3,25041,0.500820,0.000820,+0.367,0,2026-07-07T10:14:36
155,a95180330f191eb7bc32ddf980fcb97e,d3c38ccb7ccde25e1ecd7b8bbc15d5c4,24926,0.498520,0.001480,-0.662,0,2026-07-07T10:14:36
156,bff0b00887f4f7b31f0d36479620765d,81e7f617ba2f2f07e6d1b755a0261f51,25002,0.500040,0.000040,+0.018,0,2026-07-07T10:14:37
157,75607d197aa6d4a839dda5bfb48c62f7,6c978e15b0a4f8e82edb5f059f5f9d19,25161,0.503220,0.003220,+1.440,0,2026-07-07T10:14:37
158,0ed1fc683b41563e89e83a240de41935,37f379b1d8fe5f6d4c3aa3e53e0dec60,25031,0.500620,0.000620,+0.277,0,2026-07-07T10:14:37
159,030b7e0a8d3e2f0aced87618e2ff2954,018188a73e62b54d7e3a64227cc4b2fa,25088,0.501760,0.001760,+0.787,0,2026-07-07T10:14:37
160,6dbba9656a4ef27894a4620b828adb69,0548bcec10a98930779acad06b9fd8c7,24893,0.497860,0.002140,-0.957,0,2026-07-07T10:14:38
161,30e6f8f2001f86dda2c92834df62bc2f,49d9118145593abbb1915501701f1e64,24892,0.497840,0.002160,-0.966,0,2026-07-07T10:14:38
162,c332b4653491f7b846911f4ddf7ab87a,6bd4cb4f93e889a5b1e024f777bea1c4,25207,0.504140,0.004140,+1.851,0,2026-07-07T10:14:38
163,85d16d09717fe78b3cf2e708c616aae2,689cecc9104931e1a07f5640664b5d29,25014,0.500280,0.000280,+0.125,0,2026-07-07T10:14:39
164,27cb2d41ae1a052dc35e7eb90b5722cf,1c776631017b0a4fc77b493a2f95ee8a,24957,0.499140,0.000860,-0.385,0,2026-07-07T10:14:39
165,c5d23e17985996f5a86f59a98f221a97,2164c765140cce3065b230499ab7d818,24959,0.499180,0.000820,-0.367,0,2026-07-07T10:14:39
166,3a2e8614d551c86518458bc59c4cfa5a,330778aae662ecb98b937f3434c6205d,25140,0.502800,0.002800,+1.252,0,2026-07-07T10:14:40
167,5843892729a77459151f96a69f6ca504,bd196db0d11b220ac5166ae2e8cf41dd,24927,0.498540,0.001460,-0.653,0,2026-07-07T10:14:40
168,41bfe411676d0e668066f4c813c2adae,cf5cb64a3eaf9110f2dec4e31339a51f,25009,0.500180,0.000180,+0.080,0,2026-07-07T10:14:40
169,064c263a8dcb7b498a22d83d5a263705,12164a667c28eaafc13084547d3825fb,25011,0.500220,0.000220,+0.098,0,2026-07-07T10:14:41
170,5c4e67b3b11916808bb462e29f73c15f,562796ae7fcb5160c99b2384cf972a13,24922,0.498440,0.001560,-0.698,0,2026-07-07T10:14:41
171,675eb6efe82ff240ce4f09714e432e64,6442604d2c162d2aba6eb71274de128d,25146,0.502920,0.002920,+1.306,0,2026-07-07T10:14:41
172,806e19338614c1da5bbac02849a2cc2a,4b6c490a76003c15be7dbe4cd97d89db,24870,0.497400,0.002600,-1.163,0,2026-07-07T10:14:41
173,465f4238c33050524a5fbe8b523878e6,f95bcc8d2f756741b78ee4e68921e9c4,24877,0.497540,0.002460,-1.100,0,2026-07-07T10:14:42
174,94a1e11d69f1c50716b27a367b6403ff,f9b829eef4dc8d1f1320a441faebc08b,24779,0.495580,0.004420,-1.977,0,2026-07-07T10:14:42
175,18a4a92fedfcb18d15849f2d85c94709,0bea4b0e1bde39da1bd7ad701c1ae79d,25107,0.502140,0.002140,+0.957,0,2026-07-07T10:14:42
176,423071bff53be2271b816daf29806a59,9d1aa10220bf00e4b81842571858d9b3,25010,0.500200,0.000200,+0.089,0,2026-07-07T10:14:43
177,df04387742ccd680645a4210628c11ac,57ff648e18a9e587b5d07d5926b25803,24948,0.498960,0.001040,-0.465,0,2026-07-07T10:14:43
178,162f18ecec293d2ebf8fad13138c04fb,b75fd4ad8b8afffad8b80e2f67939006,25096,0.501920,0.001920,+0.859,0,2026-07-07T10:14:43
179,5f6296c554ac093944b285a5ee414e81,f4aa6a1592e57c496f1217f7d2c19387,24863,0.497260,0.002740,-1.225,0,2026-07-07T10:14:43
180,52901eae2191116e3aafcdc49d1a5dd0,dced1950fb1814e06a2fa34a6ddcdda9,24884,0.497680,0.002320,-1.038,0,2026-07-07T10:14:44
181,e2c32330362c231a3ab3428a7cd102a0,e8666d6ea195fc00179c71d1c110a99d,24940,0.498800,0.001200,-0.537,0,2026-07-07T10:14:44
182,1b5e149904c0ddc177c522a5aff77368,b6834e73c9260387f521b12f0a4fead7,24973,0.499460,0.000540,-0.241,0,2026-07-07T10:14:44
183,520d6bee2c001e995bdcd774835ef76b,295cf9fde15d166ab7b212ad20bf9c48,24949,0.498980,0.001020,-0.456,0,2026-07-07T10:14:45
184,bba28cae39897c67a4ee7e27f10949fc,8a0e7247bb9a3672f3420f4a2c5a20ce,24964,0.499280,0.000720,-0.322,0,2026-07-07T10:14:45
185,318cae95de764f5141ddc1209b0dad0e,b12c5d7264069510a88c8f4d8fc3ff12,24955,0.499100,0.000900,-0.402,0,2026-07-07T10:14:45
186,b5c7c3fcbfaf46267cafd213ac960e14,c8e6836ea6ed1aff3d14cb29453bbaf0,25139,0.502780,0.002780,+1.243,0,2026-07-07T10:14:45
187,68516fd13d5ebc0d87d440aa55cf8ca2,0b561ae6f86195db1c2edfcc5e3c5079,25095,0.501900,0.001900,+0.850,0,2026-07-07T10:14:46
188,4c7e13625906ee1381d0498975e87be6,0cdd79073e5d77f38dd183c840e405b7,25104,0.502080,0.002080,+0.930,0,2026-07-07T10:14:46
189,71bb96ab87410704ebfbd8535fa1fbc1,1625aa1b010551d7fe35ebb3aebda598,24855,0.497100,0.002900,-1.297,0,2026-07-07T10:14:46
190,607822a225f6192163204c069a098793,d5fda655061c59bed6847cfc1e30a359,25036,0.500720,0.000720,+0.322,0,2026-07-07T10:14:47
191,2f1347521846846938c029730efc0fe6,64bc122c6b3c47202fe92a20f0cd6145,25014,0.500280,0.000280,+0.125,0,2026-07-07T10:14:47
192,dbf431b929985f3a080e6e8e6e376b97,4df822a284f5c530dc52e25908aa75a4,24934,0.498680,0.001320,-0.590,0,2026-07-07T10:14:47
193,bd643eada4fe911b4a5b577f79b3e28c,3a647c4d847f25a200c17440f28588e3,25031,0.500620,0.000620,+0.277,0,2026-07-07T10:14:47
194,e072044fdd22cd59f28cb9bc04bf99d0,864aca26e920199f427b5abf22df962a,24946,0.498920,0.001080,-0.483,0,2026-07-07T10:14:48
195,479d40cf76317c1ccd4f18b19124ca41,d2fe33c244a41712efe2cdd27f7f788e,24833,0.496660,0.003340,-1.494,0,2026-07-07T10:14:48
196,b27b0251380103a3be08cc3811b8fa94,5f3263a93103bb5df9fb5ca6ae2fa2f7,24939,0.498780,0.001220,-0.546,0,2026-07-07T10:14:48
197,c2c6da89480066c0421fd374efdaa961,e2fcbbc4e750b909240fa99e43746299,25201,0.504020,0.004020,+1.798,0,2026-07-07T10:14:49
198,0107a864e9a311813e939d3d12f9eb2e,28d6d90eabcabea410a3e19be9a936e3,24896,0.497920,0.002080,-0.930,0,2026-07-07T10:14:49
199,147488274c1061cf4aa08472e9cf8e28,df89bebfb7e72fe9b413c356c4ff4ea4,25110,0.502200,0.002200,+0.984,0,2026-07-07T10:14:49
200,dd149333eeb6da0de193756fb92641f0,ede1c0acee8b6fd75e99c7a665c6a2cb,24895,0.497900,0.002100,-0.939,0,2026-07-07T10:14:50
201,e98b3f147403d5047a7fe0a69694a19c,909d123485110bf4ba2c7a49615ebcef,25022,0.500440,0.000440,+0.197,0,2026-07-07T10:14:50
202,8a869d1696ca091c99f284d4600fbeb4,2769ab7764478650edfba8fbc637f178,25065,0.501300,0.001300,+0.581,0,2026-07-07T10:14:50
203,9d27bdb4362a5e646dcf349f89092c5c,75398d46de8d366127bcd7ff4001b7c7,24892,0.497840,0.002160,-0.966,0,2026-07-07T10:14:50
204,a39df3613a1b472b9b90c10e053ea200,21da74a2b304e2e619a6a475a09896d7,24856,0.497120,0.002880,-1.288,0,2026-07-07T10:14:51
205,e29b83c8e400948eb77a11e23dcddb0c,f3ee5843d79d3564183dbee3e4af695d,24840,0.496800,0.003200,-1.431,0,2026-07-07T10:14:51
206,8199050d8f67dd4e13bab51e479d904d,7a1624017b1646fd906aaeac205eeb89,24867,0.497340,0.002660,-1.190,0,2026-07-07T10:14:52
207,4fa27d58400442515303207394383ce5,8084ab43ce67b70863568cf0209eeb99,24831,0.496620,0.003380,-1.512,0,2026-07-07T10:14:52
208,42f280bb51c4b4190dd15d4dea21bd6a,ecfbadc4d35866351f6471bdd277ae68,25002,0.500040,0.000040,+0.018,0,2026-07-07T10:14:52
209,4b62c3c4ca58a864175b3f097f0e4be8,0beee45746e400b31f6c258a4f34ce87,24972,0.499440,0.000560,-0.250,0,2026-07-07T10:14:52
210,4eace583b625d2cc8b2a37dde9c44e1d,509ed851114b7275826b247762f28e40,25004,0.500080,0.000080,+0.036,0,2026-07-07T10:14:53
211,b0abe10b16a38cbfaad5a27473337cbd,bfe2661a60dcc3f65f7ee6e192c83598,24943,0.498860,0.001140,-0.510,0,2026-07-07T10:14:53
212,cf4260d09960cdf47da44487d519db85,5ff98f55b7af06c8460d3b889873c846,25085,0.501700,0.001700,+0.760,0,2026-07-07T10:14:53
213,80218bdffed04c636b4116df93727f76,4d24c6f448299f3f639816c00e328778,25011,0.500220,0.000220,+0.098,0,2026-07-07T10:14:54
214,236d45b7533e4f4c1ed3fd3393545ba1,65bb685244785c8a1509cc820b410ef6,24893,0.497860,0.002140,-0.957,0,2026-07-07T10:14:54
215,e8b366cf95df6db41094af4a557a9d64,01ffcb690d5bccc8047969697910b997,25029,0.500580,0.000580,+0.259,0,2026-07-07T10:14:54
216,646db12288bae1384d5dac7e7ee246de,e5a94375f019cbb680a27c07fa3bc293,24959,0.499180,0.000820,-0.367,0,2026-07-07T10:14:54
217,c4586719c22e225e31334c247e4fda81,72895bec585d89abc4cd661b17c81477,25150,0.503000,0.003000,+1.342,0,2026-07-07T10:14:55
218,ee4df303b9a900af1c8fadd748045b5e,5f9c2c96bdd03daf5b1498af39c41d77,24831,0.496620,0.003380,-1.512,0,2026-07-07T10:14:55
219,ecde5c86d3db4129ec0f87c3882bd89c,402bf0147e990c0e0b924ea75a65e555,25066,0.501320,0.001320,+0.590,0,2026-07-07T10:14:55
220,b15578c00bd58773aa3c617b91d138b7,330ac7a08f11c59eeebc23a4dba974a7,24833,0.496660,0.003340,-1.494,0,2026-07-07T10:14:56
221,c8c29ba24c961b44113d62008fa5f638,03a9e49808b43ccb535cb2eebc12e64b,24816,0.496320,0.003680,-1.646,0,2026-07-07T10:14:56
222,0301156d2d5d78a113917f6524226943,cfdb7df24c9e9602c2a4fe0e643d67b3,25250,0.505000,0.005000,+2.236,1,2026-07-07T10:14:56
223,29396e6e74cb792518eb74fe58c558be,9d00881c9a7cda4db5c7e1b0528d9318,24882,0.497640,0.002360,-1.055,0,2026-07-07T10:14:57
224,37df1dcae697894a6bf64c818ffad6a1,4cfd07cdc7ad5092fd0608ec8fc0530e,24935,0.498700,0.001300,-0.581,0,2026-07-07T10:14:57
225,e5e7782f35af1fe6a5d8a11743ed2ab4,3c6aa77174c64e93c76a237d73d0f696,24873,0.497460,0.002540,-1.136,0,2026-07-07T10:14:57
226,00fcdec845b71efba1ff0fa165a10401,e09e34174141cd6e9619f5fee770de5b,24959,0.499180,0.000820,-0.367,0,2026-07-07T10:14:58
227,76ea6fa59d71a25444d024d0d54fcc7d,563c429f9fd55630065dc43b03320315,25096,0.501920,0.001920,+0.859,0,2026-07-07T10:14:58
228,437b789d04657ea26b012ed415b6e709,b3dbae5137a9a388be214c099ff1763b,24924,0.498480,0.001520,-0.680,0,2026-07-07T10:14:58
229,c5413264435409f0137d8709e5197927,fb0a0c69db76de949b125585daee54f0,25022,0.500440,0.000440,+0.197,0,2026-07-07T10:14:59
230,9215fbf5b069d0e625e3cc13867a55c7,343ebfe2613efe4ab5ad55d07bd1e58d,25094,0.501880,0.001880,+0.841,0,2026-07-07T10:14:59
231,f2c7f8e180f15b9a8a172946948cc2e9,a5d70ed43a0c9e2b6434f2332d631055,25025,0.500500,0.000500,+0.224,0,2026-07-07T10:14:59
232,ad05f811c0c213d10fffd5e7f365dfa9,2fe990d51126551e2124aeaed19842bb,24740,0.494800,0.005200,-2.326,1,2026-07-07T10:14:59
233,2a5a39fe07f2f61bd4f49dea21762fb7,a9c4530ff7540912c949adab541055b6,24815,0.496300,0.003700,-1.655,0,2026-07-07T10:15:00
234,92afdf58cc762811cba441ad0e64c554,b8b3b56da16c53349cd417d6117e440c,24976,0.499520,0.000480,-0.215,0,2026-07-07T10:15:00
235,8e57ccf4b69cb938ca3ee94eb4d15949,9456787f13f7e192c16efc8d71efb10e,24969,0.499380,0.000620,-0.277,0,2026-07-07T10:15:00
236,44d8081aa14145934870ecabe51d526a,a9e4e858386b4658579351dd43486c17,25118,0.502360,0.002360,+1.055,0,2026-07-07T10:15:01
237,7b103b773a257543cad4fe221147e071,42f5a5993773afd31022bb1eb218736c,25122,0.502440,0.002440,+1.091,0,2026-07-07T10:15:01
238,cf709c8d8eabfe6a1aea327e180cbf4f,3d969d6fad36c492e10b4ae35cf5706a,25037,0.500740,0.000740,+0.331,0,2026-07-07T10:15:01
239,220589b098ab35227f4761adfbc3917f,01cd3d9cd4f7ce6ebdea034dd16e049b,25120,0.502400,0.002400,+1.073,0,2026-07-07T10:15:02
240,ce9b592da7f03545015a64da4fa16244,00d8364dc33a3bae8a3d91aecba6f25f,24800,0.496000,0.004000,-1.789,0,2026-07-07T10:15:02
241,353c21bcc442545553c8323c94b377c6,25139c9064e1a7a16bff7075221d5abc,24893,0.497860,0.002140,-0.957,0,2026-07-07T10:15:02
242,105f26ab9ba340b7fc58b63576db1318,ddbd8f387721780b5ae843307036b510,24948,0.498960,0.001040,-0.465,0,2026-07-07T10:15:03
243,61716b705c931571c0d42e9184bb793e,44f1daf3290096e29d620c91214fe9ab,24880,0.497600,0.002400,-1.073,0,2026-07-07T10:15:03
244,a87a83d74df27aa0b84368c7636188a4,b1f58689e31e5c939d55dde1233dcb84,25067,0.501340,0.001340,+0.599,0,2026-07-07T10:15:03
245,a27760f390733c7933145ac690f2a1c9,6d24965d092fc0a4216782e04bb312ef,25053,0.501060,0.001060,+0.474,0,2026-07-07T10:15:03
246,3aebfdb45e37dea66b30b00bd9b7bfe7,801f418008354d2772d5dee9f9f657c2,24915,0.498300,0.001700,-0.760,0,2026-07-07T10:15:04
247,00f9ea4e28a6933c424e74f8e5d2e9ec,c764b96eecb228d2e1cc0cf2713fe5cf,24775,0.495500,0.004500,-2.012,1,2026-07-07T10:15:04
248,116c9300c82df0d7d8da4a49e159d1c7,0bab35903fda1790b4967088e203cf52,25037,0.500740,0.000740,+0.331,0,2026-07-07T10:15:04
249,7353c641944b3d3d547e8867122b0a7d,65ff241a974cd1657fd44d8b5aa02e8f,24913,0.498260,0.001740,-0.778,0,2026-07-07T10:15:05
250,e3f9c45ab66c2595661ecd4bcdc8666c,a8a559bc65e2070a351512234aba8b96,24978,0.499560,0.000440,-0.197,0,2026-07-07T10:15:05
251,1f4b7d240b404751a694665865b7f8d0,ee98024f45f7dd724bc6b0d7e19952a3,24972,0.499440,0.000560,-0.250,0,2026-07-07T10:15:05
252,a53d10cc4ee94afafb03c815a46612ef,1e8ac364c92f8ddd3d8b05361ebb4a67,25045,0.500900,0.000900,+0.402,0,2026-07-07T10:15:06
253,5ddd20c04ac7216065ed7be4e3aa9514,a507b3d6a1e049e591b2ceda4362cd21,24880,0.497600,0.002400,-1.073,0,2026-07-07T10:15:06
254,5c57444fb4f5bf01466f34bdf53fbe20,aeba6cecaf3253dffd3dd7a1bdec7c33,25129,0.502580,0.002580,+1.154,0,2026-07-07T10:15:06
255,bf88b082abce142607dcbded4bc04150,0ad819a6e272995d6d5ebf6e88e463ee,24849,0.496980,0.003020,-1.351,0,2026-07-07T10:15:07
256,ecf39bc96b060a9bb16622fed6303dae,8b8c30bf20284b2f8d19a1d2a8b14825,25211,0.504220,0.004220,+1.887,0,2026-07-07T10:15:07
257,916d8f546cc09ebc62aac79491de51da,8e5e295a10cebbb5699dbc0b9479ef24,25035,0.500700,0.000700,+0.313,0,2026-07-07T10:15:08
258,9fa5f513cb3585c170f76494cbcac9a7,116099318a3c89da835e50c7ba7efdb0,25016,0.500320,0.000320,+0.143,0,2026-07-07T10:15:08
259,86e2a64c1131d63bba3eea16d46482e7,81d8be1497649efd9cf597e825153a00,24969,0.499380,0.000620,-0.277,0,2026-07-07T10:15:09
260,8d2eb54d415157953d4b5e1de175a8e5,c555c5bbe03f1f7876f32eef908bafd3,25133,0.502660,0.002660,+1.190,0,2026-07-07T10:15:10
261,bf1e2bcd7e92a0b01d6b2f5e4547dd92,43d22783dbdecefedba08e6ead5ab9bc,25028,0.500560,0.000560,+0.250,0,2026-07-07T10:15:10
262,e8a7de330797d866a739a41f34a33000,03f42b9938774decc5f481dce89b4ad0,24997,0.499940,0.000060,-0.027,0,2026-07-07T10:15:11
263,857cec3b6d6121e51835c7e79c07ddca,3cf78107f5cf7616cf6753ca45cc898b,24826,0.496520,0.003480,-1.556,0,2026-07-07T10:15:11
264,b0c039c4624562a581790e93007a68f9,9c34025adb14e6920f063132e6444293,24931,0.498620,0.001380,-0.617,0,2026-07-07T10:15:12
265,96272fed348de849731de49270b48052,0e8d4815530a6d721fb730d950dc6e15,24952,0.499040,0.000960,-0.429,0,2026-07-07T10:15:12
266,5d2617aaf31d85f667ce06abdd838667,258a280b1e44325427545d49509c7e12,24859,0.497180,0.002820,-1.261,0,2026-07-07T10:15:13
267,420c6e96510fe24ce71bcbe37e667bbe,b9b37f5f725eeeb0385665019eb8a5f2,24955,0.499100,0.000900,-0.402,0,2026-07-07T10:15:13
268,4ee46a8591bb91fdcb1902c4f07bbd6b,0fa6e2c8c5de896e6d51b339053a2ec5,24939,0.498780,0.001220,-0.546,0,2026-07-07T10:15:14
269,04a8b27d8f4c67758c7c384c194b6bce,a73bf2504bb7a844ed3870a8badc74b5,25150,0.503000,0.003000,+1.342,0,2026-07-07T10:15:15
270,d78c215a85084881332f1370bd06e0c6,44241092ec5ea7a1785532211191bc0f,25199,0.503980,0.003980,+1.780,0,2026-07-07T10:15:15
271,555cdd1111ba733c4d97cecca79d824a,b8048272ef6cfe8adef47decbb1ba724,24898,0.497960,0.002040,-0.912,0,2026-07-07T10:15:16
272,3bc07fe45164f621f029179a7837ce4d,c0351305ee6aeb15464a7bcd24c81cba,24815,0.496300,0.003700,-1.655,0,2026-07-07T10:15:16
273,73e709651855c27780dc0bceec00c124,8575706219fe1df91e1f4541b4f9144e,25154,0.503080,0.003080,+1.377,0,2026-07-07T10:15:17
274,917fd236b74f5a8c45225864ac3f0903,02c42de955cd1aef0d2ec7ebe9e2b55a,24945,0.498900,0.001100,-0.492,0,2026-07-07T10:15:17
275,4329844384bdd41ff68117f975f1d27c,2cf198ac9a0bec6bec6e8338d3d50501,24963,0.499260,0.000740,-0.331,0,2026-07-07T10:15:18
276,19782bf2edf738e458b824869603a8f0,c87086f5ba70dd8bc4dda8cbb8e1c3bf,24920,0.498400,0.001600,-0.716,0,2026-07-07T10:15:19
277,5dc8c4290959f4b13cedcf4d2c7727e8,752b0b8584281afb3a1991bc59917a98,25012,0.500240,0.000240,+0.107,0,2026-07-07T10:15:19
278,c2e9798c0dcfe7a0043eaf161a69e7a0,360b7aaa96ecde07d91e87c0e7203ca2,24909,0.498180,0.001820,-0.814,0,2026-07-07T10:15:20
279,400953ae0f5e762751185436fd82c934,1bc6aa415f14d578b1c58d2afcac6158,25081,0.501620,0.001620,+0.724,0,2026-07-07T10:15:20
280,dbf172891ee6d69e602eff32613a11e0,410cf0b477f62f23d8a6a150cebe9c68,24946,0.498920,0.001080,-0.483,0,2026-07-07T10:15:21
281,75c81a6f69bdac2397bad0ce2b5b4b04,a30e73cba999c830f375a49ae35ec77d,25080,0.501600,0.001600,+0.716,0,2026-07-07T10:15:21
282,d8a951bc3df723030317a215a0fb8afa,31bc35049cdb669827a00e7fdb4b0620,25016,0.500320,0.000320,+0.143,0,2026-07-07T10:15:21
283,d74ba0fdca569a236972d4ab4edb8a4f,e535afdd40f91383d6607dd5a080d561,25103,0.502060,0.002060,+0.921,0,2026-07-07T10:15:22
284,e1d4d25a1d8203a98f571e4499436a65,2294dffb9c25c22bd7a7dd79b43cd496,25106,0.502120,0.002120,+0.948,0,2026-07-07T10:15:22
285,35373e5b90304674da58923fac105fcb,59d86b00dfc9acf6b6fcac59d8b2522e,24826,0.496520,0.003480,-1.556,0,2026-07-07T10:15:22
286,76da12c235eb2b04c7a46da56c2c9087,f51248f4b11405b5700f0ed2194b9783,25127,0.502540,0.002540,+1.136,0,2026-07-07T10:15:23
287,f2d4f39b11d7b9a44801f1e068378b24,93a6be7b0a4f20ed4159f05327a188c6,24908,0.498160,0.001840,-0.823,0,2026-07-07T10:15:23
288,de1925d6a566545e92b56a2904da8ee4,1f9ca3adad9a1cd8895e4be8c6956a02,25066,0.501320,0.001320,+0.590,0,2026-07-07T10:15:23
289,da5bd5c9746bda4f379e272637c68d76,2aeb1a79f11c6dd1877bfb985600eeaf,24985,0.499700,0.000300,-0.134,0,2026-07-07T10:15:23
290,3a65572cd0ac8769e1677aeaf86532f1,e0057d90a271f9778941e30101a3e35c,25033,0.500660,0.000660,+0.295,0,2026-07-07T10:15:24
291,a8267a92c7a839d0a74fce6b4cfbd5ff,144d4f3879a902b5abac9346b5746e5e,24623,0.492460,0.007540,-3.372,1,2026-07-07T10:15:24
292,0b9d3f6f5f4cd38c5518177e6284a13a,26b5d612b489324325edefe7e75792f2,25097,0.501940,0.001940,+0.868,0,2026-07-07T10:15:24
293,06000e2a987ec1fac0ea1ede455d72a8,743b8ec51129d42dc984aeb42e84ce5c,24964,0.499280,0.000720,-0.322,0,2026-07-07T10:15:25
294,9e04d95dea129432d2e38eaed6047f03,13dd92c062838c2cda3110674e0afc25,25117,0.502340,0.002340,+1.046,0,2026-07-07T10:15:25
295,685793132a7020e92c77f3322d1fa53e,11673068b05fbfc9b8f12c007e9ab417,24958,0.499160,0.000840,-0.376,0,2026-07-07T10:15:25
296,c18acc7b82fd0a5fbb786d8cb65c01d8,c73c076d10410518d42770786a7e4a30,25099,0.501980,0.001980,+0.885,0,2026-07-07T10:15:26
297,e3f72c844c64c3909657afaf560efe6f,8aa5cbb7c10f0d233240ef319fbe57b1,24854,0.497080,0.002920,-1.306,0,2026-07-07T10:15:26
298,526d37d04a3716e1e00ee45cf1183370,2be7c2b7cce1556d01ea75e2c61fbafb,25005,0.500100,0.000100,+0.045,0,2026-07-07T10:15:26
299,30d0e6b7b6c6295709f24d2412de64d5,f1865065faaee10a0273b210bc61b1b7,24857,0.497140,0.002860,-1.279,0,2026-07-07T10:15:26
300,31752cb81ac4607c8e62ef53144b0cd6,8824be9e42cf34a753189c8c4ed66e1a,25120,0.502400,0.002400,+1.073,0,2026-07-07T10:15:27
301,38c48af250fdc01a900bb6407a781f07,40218177c0afd1e25b31481a01e63fae,25186,0.503720,0.003720,+1.664,0,2026-07-07T10:15:27
302,bde038346df7e93b049a4529449ded0f,7b1410d62464fa19cf293d3559ab4165,25031,0.500620,0.000620,+0.277,0,2026-07-07T10:15:27
303,fd0c382a9c483aaa7dd9f3a2466f9991,d43d6f5f52aecc205af0ff59d947b0ac,25147,0.502940,0.002940,+1.315,0,2026-07-07T10:15:28
304,cb5d5570cdbad63ee47621ec93fa33a9,a7a7407f31ef789d2ba070a50bb8c228,24966,0.499320,0.000680,-0.304,0,2026-07-07T10:15:28
305,cf69e4c248006eb238aac7fc0a63f0eb,0de4f0246d6b9a628bd063ccfc9f32bf,25211,0.504220,0.004220,+1.887,0,2026-07-07T10:15:29
306,6545b7d5a620544d23d7a378f6a4a0e5,95748e5f62150dd8956d2428768373f6,24920,0.498400,0.001600,-0.716,0,2026-07-07T10:15:29
307,ebc38afd4586dc81fbdd4cbcddc0ce7c,6e14d6e2b6ff73c550f2d8bb4517d3fd,25088,0.501760,0.001760,+0.787,0,2026-07-07T10:15:30
308,d4c821e587d9f2a2ccdd18cb38206fdf,24677abf9a38fd98aa5388e8d5fcedb4,25057,0.501140,0.001140,+0.510,0,2026-07-07T10:15:31
309,7735c79f3b28ade457cd61d604ff2625,09a16eec73a31bfb5fc340baf8b88484,24868,0.497360,0.002640,-1.181,0,2026-07-07T10:15:31
310,58fb52d3efb43426ad798280bcdc5aa5,1274745b5a2fb39d8597889420e3ce62,25120,0.502400,0.002400,+1.073,0,2026-07-07T10:15:32
311,27066a02eb784b30466e9aef92380aaf,a4a681b41a661a5ff461c29c8a2ffcba,25237,0.504740,0.004740,+2.120,1,2026-07-07T10:15:32
312,77110c0229e93b6a720bcbd9849b13fa,41fe6e5d61acf047660f9bf98abef20b,25177,0.503540,0.003540,+1.583,0,2026-07-07T10:15:33
313,76402c1c8b9522abec0cc05a9d40f2ab,421297d206fbd648b9678d2007b9502c,24806,0.496120,0.003880,-1.735,0,2026-07-07T10:15:33
314,d1f59919b5586ff49592cbb6a84c7b81,014bb9503856432701e2c878758b1838,24740,0.494800,0.005200,-2.326,1,2026-07-07T10:15:34
315,d874ffbe7d4562c786be20888d43c5f8,1cc62a19d02eb4912c8693f60f0d42a2,24960,0.499200,0.000800,-0.358,0,2026-07-07T10:15:34
316,3777f7bebc96bdb51283f10a374e7fb5,36128c042027ba998f1feb2dfdbdee16,25046,0.500920,0.000920,+0.411,0,2026-07-07T10:15:35
317,1e91db29dd03d0ccba86bfc0044af6be,4b2a6e421998e9d2de23e52a24ed9a71,24917,0.498340,0.001660,-0.742,0,2026-07-07T10:15:35
318,39d80c3b29704f13a0a994d4aed2b835,f6e5f684a55300998bbe1bfd12033591,25037,0.500740,0.000740,+0.331,0,2026-07-07T10:15:36
319,edacd06f7ed2bd9cad2a340be42729c5,8628ecc519f0da9c337524e760c3e949,25130,0.502600,0.002600,+1.163,0,2026-07-07T10:15:36
320,dc58a0fa47f2e924cc5abb9c580ac14f,25bb82da85234f4e0b06ffb975814366,25140,0.502800,0.002800,+1.252,0,2026-07-07T10:15:37
321,d0752c1101a6c226d85d5723279780fb,23407c14852a40dcda9ec0205be181d9,25128,0.502560,0.002560,+1.145,0,2026-07-07T10:15:38
322,37813f41864d9d4469ef497df7bb9b69,09ad457336dd76ff12b9e6a9bcd1abe1,25066,0.501320,0.001320,+0.590,0,2026-07-07T10:15:38
323,cdc2d0a6cf9856ee9148138bc3594e18,03fb72eb58deaf7b0c34c6783c084385,24968,0.499360,0.000640,-0.286,0,2026-07-07T10:15:39
324,6d81bd24831ecd1ad13d096a43e135fd,c421717cb212bcc326a284230c31ef72,25149,0.502980,0.002980,+1.333,0,2026-07-07T10:15:39
325,54d617af4cf174ea7b7d5bdb1d8260ff,1343cf32080d6e9a12f87cac6daac147,25019,0.500380,0.000380,+0.170,0,2026-07-07T10:15:40
326,8358bc5d1064bdd0661131bd224a9c05,162ff88c598d4b7467416333a9e588ae,25055,0.501100,0.001100,+0.492,0,2026-07-07T10:15:40
327,8f3d4447e16a444512a2b7bdfa43bb22,dc17b9575fa2456c68b3ba0663f75af0,24977,0.499540,0.000460,-0.206,0,2026-07-07T10:15:41
328,c363bbe5d80a13ea8b1820132a0aa8a6,4d6d3afe50975f09e878f9ec39ff7dbc,25034,0.500680,0.000680,+0.304,0,2026-07-07T10:15:41
329,9eb2c3371063c54742c19b7100decef8,d41a097473cd06cae457a94275984d21,25066,0.501320,0.001320,+0.590,0,2026-07-07T10:15:42
330,54065dc88c549d402c83259e0ee3ad4c,88d89cbd2f08452f136fbd915334601e,24905,0.498100,0.001900,-0.850,0,2026-07-07T10:15:43
331,e0ac3f302f448b283d7b7947e497d363,3e1cac14b9abb553f945217b687cdb69,25079,0.501580,0.001580,+0.707,0,2026-07-07T10:15:43
332,6e767d4d1497e6443465487a5d7a0102,4374cf0e6dcbf84792d9a9214a9fd3a1,25095,0.501900,0.001900,+0.850,0,2026-07-07T10:15:44
333,d8d8910d26bf364ffade17d8a7bcbfc3,85db080b757791db4a9138e9d6d32d39,25043,0.500860,0.000860,+0.385,0,2026-07-07T10:15:44
334,8035b002fd4ace41813b6f32448938e5,1f0adc3d48decbc5264f365e40c681b8,24939,0.498780,0.001220,-0.546,0,2026-07-07T10:15:45
335,70d444699f89d3aaf1ce4ef3229d2a73,84b2600ba4ea5d3324d33288baf08ffe,25044,0.500880,0.000880,+0.394,0,2026-07-07T10:15:46
336,b25c25de0a145d561cc2c2b2a31b36fc,99be7650b8ac12d6e8370bf03a16c210,25106,0.502120,0.002120,+0.948,0,2026-07-07T10:15:46
337,06332901f0b6239c4cbe388ed9dd0f55,34bca44051942ced54254b71d51baceb,25003,0.500060,0.000060,+0.027,0,2026-07-07T10:15:47
338,d16f2629f57eb86f90f9ff881c939531,4376530a10c6e18787b7b4aaf4fd7b08,24973,0.499460,0.000540,-0.241,0,2026-07-07T10:15:47
339,a40d42a3a225c34a197ef7c183f9c261,14403fc0fad0d261bb2d53bb09e9f7ce,24959,0.499180,0.000820,-0.367,0,2026-07-07T10:15:48
340,d01d44d11f389d7222fecf96f55e452e,53b6639931136b9feca647b937bbc49c,24851,0.497020,0.002980,-1.333,0,2026-07-07T10:15:48
341,b6b10db4eadaf1f4f2211db035cd4e29,2a185a297df09f4e5f874af643c07f4f,25107,0.502140,0.002140,+0.957,0,2026-07-07T10:15:49
342,efb5ac5f37b38a5eabfe3bc8a5ddbd0d,cdc34a163e916c8ca0647b9c9e647421,25073,0.501460,0.001460,+0.653,0,2026-07-07T10:15:50
343,ea2219f5d61bbdc26d9f2e3b119bc5db,9657d3b1907716470a38847a9193f852,25070,0.501400,0.001400,+0.626,0,2026-07-07T10:15:50
344,6c57bf634e39bc3801ac774735dccd19,515f93f248740956e2a038c7e4d9107b,24977,0.499540,0.000460,-0.206,0,2026-07-07T10:15:51
345,0633093764f2b1bee7420af018ac4fea,3e3c61059a587498bed23f7d4d0b15c2,25026,0.500520,0.000520,+0.233,0,2026-07-07T10:15:51
346,a82e1e4907b44d3b1a561a5770c33954,27ef0836f68ebe438706b29d97f1de8f,25048,0.500960,0.000960,+0.429,0,2026-07-07T10:15:52
347,52dc78a40d0922e157d62e0e4b0000b7,6f3f6fd301a7b4ab43a5fea2253e3add,25062,0.501240,0.001240,+0.555,0,2026-07-07T10:15:52
348,b778495baa99f103196d1a6073074111,386f4e3193dd54477e21d07e2ea9d4f3,25009,0.500180,0.000180,+0.080,0,2026-07-07T10:15:53
349,f72738e7f86807e2751d496b74173143,69eef036075616273617dd81e41b45c6,25106,0.502120,0.002120,+0.948,0,2026-07-07T10:15:53
350,35c96b9656ef83e0fd9b0c3cdb0a3fca,f0200c0f31250f2c17963dacb457e4bb,25057,0.501140,0.001140,+0.510,0,2026-07-07T10:15:54
351,a68e3c6f682d23f66cf4f94c40aea2f6,822ff3d5aaf0b2df989c214a63f842b9,25092,0.501840,0.001840,+0.823,0,2026-07-07T10:15:55
352,b00529dd7668a8c55803b3cceecc9c64,3c148c8dbad2c0dc4e91875c960a71ed,25018,0.500360,0.000360,+0.161,0,2026-07-07T10:15:55
353,d7dcc8d1ba2ddb5364c8f4cbfc140b71,ea16be228701ffb4846140fc35014720,24974,0.499480,0.000520,-0.233,0,2026-07-07T10:15:56
354,03e558b2e1e2bcac32cc1d9dfddcf75c,0d6bf4948d78bcae8760d8fd23ec67b7,24950,0.499000,0.001000,-0.447,0,2026-07-07T10:15:56
355,9f989196f5a89f57cbe04008032451bc,2a10bacd1f506d596eb9e376451447ae,25056,0.501120,0.001120,+0.501,0,2026-07-07T10:15:57
356,c27eb8d988a29df4dbd1c6aa6662b254,1a40b1bafd2eb76aa6988acffc9c385c,24859,0.497180,0.002820,-1.261,0,2026-07-07T10:15:58
357,ed4ecf841ac361a78bf4bb4e495ebca6,adf3ea9bf0295a07f71522052097bf9b,25030,0.500600,0.000600,+0.268,0,2026-07-07T10:15:58
358,e50f181b149e3b6231276871f806332f,c6e39086e7b9197372b612ed426354ce,25145,0.502900,0.002900,+1.297,0,2026-07-07T10:15:59
359,875e4b17d55ad939cb3c597809726d39,4a1e6c39441aa8003f768db45f029fca,25024,0.500480,0.000480,+0.215,0,2026-07-07T10:15:59
360,1112c400a9075a6bd09588da9d1e7e52,35bd687ac46fc0ff797b83d5f3f11955,24957,0.499140,0.000860,-0.385,0,2026-07-07T10:16:00
361,44e5e61a6073f08ca08753001a853f78,7642df489678d9646e687f996ab607d3,24976,0.499520,0.000480,-0.215,0,2026-07-07T10:16:01
362,6c7923945631d819da8e0532e00057fa,f8d8683597bd30bdedc54b4a23e225d6,24907,0.498140,0.001860,-0.832,0,2026-07-07T10:16:01
363,ab40b3e7ffbeb739e776afa34c42accd,e2a0cfc89d9ed8e6176e94eb4efe66bb,24953,0.499060,0.000940,-0.420,0,2026-07-07T10:16:02
364,4fa69d994e2b26419b3789c993aa357b,48c813c92c7f8b2e17bc03c67b21d0ab,24960,0.499200,0.000800,-0.358,0,2026-07-07T10:16:03
365,56116b3717cb0658b448ca58b2e050f7,ca9b8fbb312b356bb81c7d0cfc80a0b3,25008,0.500160,0.000160,+0.072,0,2026-07-07T10:16:03
366,5e887f81fbe9298362b212ca824f85ae,ab7db836be228452ab155d2a9de6bbb3,24997,0.499940,0.000060,-0.027,0,2026-07-07T10:16:04
367,ce21c8c0eaa63329c4e254be46fe244c,d0d6c82f90f8e3582bf78a0833563034,24965,0.499300,0.000700,-0.313,0,2026-07-07T10:16:05
368,f7021485fc153d64568f84d131bf7ea2,608c61585ed89b8c13d13417f13f1918,24905,0.498100,0.001900,-0.850,0,2026-07-07T10:16:05
369,4ae8734233962a7794430a2a1cb60114,5363573e448c9aa8b83f9ca5a9425962,25081,0.501620,0.001620,+0.724,0,2026-07-07T10:16:06
370,3addff4b46d4f8dc05a8de8a728f1fe1,32904460d184630eaacd8c846bd457f1,25051,0.501020,0.001020,+0.456,0,2026-07-07T10:16:06
371,2e82712e5cf5591e7b75feec479d3483,e61c8e0d78721516345e04227d2458c7,25162,0.503240,0.003240,+1.449,0,2026-07-07T10:16:07
372,ed06ddfd5f579aea5c153d2dc51848db,c4675d5720dc8e515464708ab653d90f,25132,0.502640,0.002640,+1.181,0,2026-07-07T10:16:08
373,8a5d22b9936f843c13351fff73a80825,b67dae5239523e6c23eca2736eb660e8,24947,0.498940,0.001060,-0.474,0,2026-07-07T10:16:08
374,78f58430b991b60f7adca60242d262c0,6ee5e607790cd927ce8c2ca1742ce727,24808,0.496160,0.003840,-1.717,0,2026-07-07T10:16:09
375,9fe63a5dfb489e5beb0b4af5959839d4,6e31bc573fcb98e398c150f4d8275458,24935,0.498700,0.001300,-0.581,0,2026-07-07T10:16:09
376,c5d804f897a90ed5711726b56b494dde,61312179d91543ea65f5500663fca57f,24870,0.497400,0.002600,-1.163,0,2026-07-07T10:16:10
377,979b5fc798d69620242d691be504f4d0,96ee70160037e6a54811f6fec4534fc5,25060,0.501200,0.001200,+0.537,0,2026-07-07T10:16:11
378,7bef4eb1c5e168c8a6e2a42650eb1cf5,76751caf92361abd2eeaeda8423f3d59,25027,0.500540,0.000540,+0.241,0,2026-07-07T10:16:11
379,e9127c4e7d7a4316343aa68f836b1784,d653b91d57f9c6013aa6694fa4587602,25010,0.500200,0.000200,+0.089,0,2026-07-07T10:16:12
380,7436a0aa4d615e8ae05cdbfab0121d38,7c200b24bfb421558644b4f1dc87dcbf,24926,0.498520,0.001480,-0.662,0,2026-07-07T10:16:12
381,ed3e7e880df7f0ad77bc99eb7a6e1137,e0071cb610eeb3963f1c816958e23851,24952,0.499040,0.000960,-0.429,0,2026-07-07T10:16:13
382,83cb8ebaa8f224a13a0eef4e0934a478,2f8be1ac9801454b5c0599884ba67776,25026,0.500520,0.000520,+0.233,0,2026-07-07T10:16:14
383,9d6cc5e8b585a0188ae3b25b52407adf,6e3537c2f3ed9e746f697252f7510ab5,25052,0.501040,0.001040,+0.465,0,2026-07-07T10:16:14
384,2b8a433cba861ad3ba878ded73c937de,67c5962d65e8f3531697e4b1fe359b2e,24985,0.499700,0.000300,-0.134,0,2026-07-07T10:16:15
385,9985f4bb196e935db12d15c9155a4b78,09324ff95ed8bfa84acf32879cef8f97,24925,0.498500,0.001500,-0.671,0,2026-07-07T10:16:15
386,6e6d06768ecfb3fb15d590655d20d53f,6fcfe0c18c78393950bfc603147a51e5,24958,0.499160,0.000840,-0.376,0,2026-07-07T10:16:16
387,3fc86bff10e3e7ab62a97736f0d5b91e,db61dca9348ce5e62f02efa51cbcfd76,25138,0.502760,0.002760,+1.234,0,2026-07-07T10:16:17
388,65f68e73c5d33e2570835e27b5ff2fb2,f7345845a0b718a92c6f7de09b67c531,25015,0.500300,0.000300,+0.134,0,2026-07-07T10:16:17
389,669c1099dfcfb69e4705c7e214ccd3df,8e332bd613e1c3576bda7f3dc3dac81b,25019,0.500380,0.000380,+0.170,0,2026-07-07T10:16:18
390,389cbe55bdade4ce9162d51458c4f35c,e0c3ad791b5c84a66ad8277581bb5cbf,24962,0.499240,0.000760,-0.340,0,2026-07-07T10:16:18
391,97bbf5a4f1835a911f4a5d7a9e6f99df,94fbb70126ca1cf09436f0d142473727,24886,0.497720,0.002280,-1.020,0,2026-07-07T10:16:19
392,5f6132fd7a1f81af93eed867d339aeec,4153117b3d6174ee92a7b61989d198b0,25134,0.502680,0.002680,+1.199,0,2026-07-07T10:16:20
393,8c4c2dfd8c6ccd636984093b7e149933,c140f83922115b1e793e98c798e5e51a,24916,0.498320,0.001680,-0.751,0,2026-07-07T10:16:20
394,b344279aebcc9c94f2937df36db545a9,aa5c0739bffd42e9c65e4db8cda8ab69,24995,0.499900,0.000100,-0.045,0,2026-07-07T10:16:21
395,820421b373aae3cbd3c09ae52ec1d7a9,e67aea77832d2128c7afb6a03b64623f,24821,0.496420,0.003580,-1.601,0,2026-07-07T10:16:21
396,c62368ef677c9349a2bd8e084b8424b6,6c4e648a5ff1c892981c669d0efdd1f1,25074,0.501480,0.001480,+0.662,0,2026-07-07T10:16:22
397,74998721fa06a74993a51a8d4b05b59e,de649d94e2688a494dd754887a1add93,24963,0.499260,0.000740,-0.331,0,2026-07-07T10:16:22
398,c4990efb382d0eaf0ff917dc22c877c9,bf9569106fbb9878ceedc2d84ba83b13,25096,0.501920,0.001920,+0.859,0,2026-07-07T10:16:23
399,8fc3b3847d7e781f2e796266b3d7e1f6,7b1a2f80f1be0b02557da9b6a6d47806,24986,0.499720,0.000280,-0.125,0,2026-07-07T10:16:24
400,714214e3c89b09525f59981b32f9d9a9,bfdf44ce2985e8f08fb4b853e5325d92,24993,0.499860,0.000140,-0.063,0,2026-07-07T10:16:24
401,c6718ea62e57efd3a72eaa76479868b9,4c4d5ce76dd0a5028f50b801c7c8f372,25179,0.503580,0.003580,+1.601,0,2026-07-07T10:16:25
402,e8237f6db5abe5a40f4d1acb11289d7a,76a5c5ab248e5f82d5e99d604e016f45,25187,0.503740,0.003740,+1.673,0,2026-07-07T10:16:25
403,3bb8d6544fa09251d7e6390ba7cab816,43c93049f89ccf9d388a685d0ed88355,25102,0.502040,0.002040,+0.912,0,2026-07-07T10:16:26
404,80eb5de2233c76e4c542eec65cc3c5e4,c5b02156f0ee0861542128b580eb7ab8,24924,0.498480,0.001520,-0.680,0,2026-07-07T10:16:27
405,0641923c3c7dcba007eddbd31b4a6e6c,2a66c9f5f5497f92cec6c2ecd7677cd8,24831,0.496620,0.003380,-1.512,0,2026-07-07T10:16:27
406,e5f543484b4f7b1631c4691488095738,a096ad6842b4cc511c2de259182b3feb,25068,0.501360,0.001360,+0.608,0,2026-07-07T10:16:28
407,4c424be6a13146bf1d8b5ba6f459323c,09edc8830b1833c5d497eefd79ad2811,24941,0.498820,0.001180,-0.528,0,2026-07-07T10:16:28
408,78ca84c0c99821f5744151a7e30f6d95,2d6c7af32c2e7a8c752a14af6a45d737,24830,0.496600,0.003400,-1.521,0,2026-07-07T10:16:29
409,091ffc2371fc107fadc8ac9412d96c98,5623649f25c2f7a1882ec69df83cd2c6,24945,0.498900,0.001100,-0.492,0,2026-07-07T10:16:29
410,9d283d05a372d7268e425db3db65191a,ddbdf651236d977ec699b7365ac03198,25032,0.500640,0.000640,+0.286,0,2026-07-07T10:16:30
411,64f6522a99f4524c65dcbf8829e5cf4f,3cf4a045daedd891948003248eede796,24835,0.496700,0.003300,-1.476,0,2026-07-07T10:16:30
412,1edda1c28da062fbde40e71c75becd9b,20ef4edcb128381bc0d584f045c8f47e,24931,0.498620,0.001380,-0.617,0,2026-07-07T10:16:31
413,8fa2cb5df5eb880913e934ff70754bcf,513d39b41e6773f72349762c975404d5,25041,0.500820,0.000820,+0.367,0,2026-07-07T10:16:31
414,34ac865fb74274e5826a94db3a7ee97b,8b3882d4138cc6f7d7f456ecbef75058,24898,0.497960,0.002040,-0.912,0,2026-07-07T10:16:32
415,35586d462e40073b97c986b713308a5d,b696cdf241c076169bc8e56704a06dad,25112,0.502240,0.002240,+1.002,0,2026-07-07T10:16:33
416,94153c9129a9e019b07774011022f1c1,53ff4d309bd641a412ab860fa669cf87,24995,0.499900,0.000100,-0.045,0,2026-07-07T10:16:33
417,8757e952093760ff0d56f054dbc97291,4d91c9aaecff11cc52ddd96f2443a5ed,25101,0.502020,0.002020,+0.903,0,2026-07-07T10:16:34
418,4b5c6f2fb2fd36760f844f2f10d5c963,a96f2c041acfbc689b83f52ba49c5eba,24998,0.499960,0.000040,-0.018,0,2026-07-07T10:16:34
419,3d51e000ac90b5a85ece32d28ba8fd13,b1a477fb4f146c2fbc93e44e883dc354,25005,0.500100,0.000100,+0.045,0,2026-07-07T10:16:35
420,75d7019fab4a326c31155a1521803002,c6a054a89f19ca43f2be97d39eb5288b,25067,0.501340,0.001340,+0.599,0,2026-07-07T10:16:35
421,c44bd9c3b27c5e4f0bc1bf2e42066281,f7a1c79125cb85a2a3a22c9a6b7aa809,25087,0.501740,0.001740,+0.778,0,2026-07-07T10:16:36
422,d86783431f6fbd1cbd54846bb066d0e8,de2873dc766c35aabfa9019b0bc9f19d,25144,0.502880,0.002880,+1.288,0,2026-07-07T10:16:37
423,28d843367d35829da4b2f1efad2f9f59,464037fbbe11e6555390bed5d31c379b,25085,0.501700,0.001700,+0.760,0,2026-07-07T10:16:37
424,8ac2d7eac2fd9fc68490fd5dc948db67,ed733c879bd1807bf19cd13ce8d8dea0,25048,0.500960,0.000960,+0.429,0,2026-07-07T10:16:38
425,16eb6671a8ab84d50312afa9e06c7bd3,dcc5badf90cb46284da9971d178a6c76,25194,0.503880,0.003880,+1.735,0,2026-07-07T10:16:39
426,e828910bd64d5069bed36dbdd86f79f6,1cc9aae08a2b38ccf7df041ec0c98fd9,24907,0.498140,0.001860,-0.832,0,2026-07-07T10:16:39
427,6045e950287b52683339b3748a3888d4,222b40519655c828536169a28d538a2c,24819,0.496380,0.003620,-1.619,0,2026-07-07T10:16:40
428,410d87a34822c5b87ea5fdca6d96d60a,7f9dc5c4c385f26ccf7fd755ad29d06c,25078,0.501560,0.001560,+0.698,0,2026-07-07T10:16:41
429,d9919ae15f0148169cb4b983fed7f2d9,814da80fd37db1547b42df3f1aabc1cf,25098,0.501960,0.001960,+0.877,0,2026-07-07T10:16:41
430,5bd8b0850327827963eed27613a955e0,753aea27955014b1a5a64f3ff5800bc7,25015,0.500300,0.000300,+0.134,0,2026-07-07T10:16:42
431,3c521ae2d72bd03598c930f82dd6c6af,5f9557e12da74e5622e10c7f9b1062d3,24965,0.499300,0.000700,-0.313,0,2026-07-07T10:16:43
432,c0217cb4f13cd5f826d239ceb28cf61d,d3c6153fef723651d0ff1db3815a2d2f,25009,0.500180,0.000180,+0.080,0,2026-07-07T10:16:43
433,4016390363c0f2b59175b9b357712735,ce5ebea6ee5c616df8d174120e783f37,25093,0.501860,0.001860,+0.832,0,2026-07-07T10:16:44
434,cac8e262666354a3d2e05414f54a05d9,57d5ea26af7f6820fa98e25eae9d18f2,25203,0.504060,0.004060,+1.816,0,2026-07-07T10:16:45
435,3239acfbc9b5e000e62cf11b7e36e4d0,c1ef42dbd139bf8a8c2042d2684df160,24905,0.498100,0.001900,-0.850,0,2026-07-07T10:16:45
436,feef5985f0c46ccdd24ab87230a75a58,a9013159bef228576a246ac5a5e6b822,25068,0.501360,0.001360,+0.608,0,2026-07-07T10:16:46
437,4bf346b487edc1dce9c8a45d6c064d26,c70387957855d923dc86718722424a35,25138,0.502760,0.002760,+1.234,0,2026-07-07T10:16:46
438,a46b96c54c0ef5ca4dd30d112e8c52ed,fdfbd6d0fe239a3cf0a470678f7e706f,24913,0.498260,0.001740,-0.778,0,2026-07-07T10:16:47
439,807346a11b31770f973f80b23d78ffe7,7669bed56911db162db7e5ed2e8d2e34,25141,0.502820,0.002820,+1.261,0,2026-07-07T10:16:47
440,f0224d32344441f1e206b488b55ad25a,60377dd13f6f62418dc8691a2828548d,24931,0.498620,0.001380,-0.617,0,2026-07-07T10:16:48
441,63aa9313c08ba101183841cab731ba36,e26f27a8d6a2aadd0db86ffa7cce540c,24850,0.497000,0.003000,-1.342,0,2026-07-07T10:16:48
442,7dbab20ec1f3a68d017cc732adccb3b2,652138fa50f5e4eb7f0fdfa1744fb73c,25084,0.501680,0.001680,+0.751,0,2026-07-07T10:16:49
443,506ad9aca70f372815f4cde65b7fff2e,2453dd0aea6220d2f7bd8725bf45de47,24944,0.498880,0.001120,-0.501,0,2026-07-07T10:16:49
444,cbebd64f38cff091d0fcc93e704a0319,6ef8a97dde6c75f85d4abd7216d6ae34,25151,0.503020,0.003020,+1.351,0,2026-07-07T10:16:50
445,e4a681e9d45507e0d28201a49866f406,2c0b595516ee6179e144f97e9042b298,24777,0.495540,0.004460,-1.995,0,2026-07-07T10:16:51
446,7d824be9bd6191177e24516602117033,2268fb0e219f6957fad0b956a8bd3d6e,24979,0.499580,0.000420,-0.188,0,2026-07-07T10:16:51
447,e0a8f80f3bfe793e99a0b21c57b345e7,e6e969694cb85abf5d24a6a4ea649c0f,24921,0.498420,0.001580,-0.707,0,2026-07-07T10:16:52
448,4c22084991b0c513bb973bf9341bc712,0b1015e68e1609a74cd6d3bab72e813d,25172,0.503440,0.003440,+1.538,0,2026-07-07T10:16:52
449,409edd6c5404f203295e15a4653a0385,b36b0d27ff67f1bc23a0cc697dae4ae1,24989,0.499780,0.000220,-0.098,0,2026-07-07T10:16:53
450,2ac4eeddc9c04a14157ed4d57e6f2abd,66083093d95fd2939ae92533c699c60c,24887,0.497740,0.002260,-1.011,0,2026-07-07T10:16:54
451,eeb2889a805780d3dd0ccbbfa7b682da,8ffac987bb58d087b8239752d44b8ee2,24662,0.493240,0.006760,-3.023,1,2026-07-07T10:16:54
452,df4767b944f820df5220649a1ed56f61,54eda980b8c2d7e6a12a41febd677009,24998,0.499960,0.000040,-0.018,0,2026-07-07T10:16:55
453,54621ffd21927060e3c8ef66fbf9fcda,3f6057f296a171346fbdfbbfb4c8d575,24980,0.499600,0.000400,-0.179,0,2026-07-07T10:16:55
454,c5a71af645cc70263d4e0fe31151645d,9621120cb4e5f674d23f58d0b5e193d7,24960,0.499200,0.000800,-0.358,0,2026-07-07T10:16:56
455,059c78a3255876c5e7378af3d7087111,03928302470822fe9e42a3f2182f6d74,24892,0.497840,0.002160,-0.966,0,2026-07-07T10:16:56
456,4b2fb042cd14da13daefb3d9996e9894,492274e8284c0454d6ea2603ea3a6309,25043,0.500860,0.000860,+0.385,0,2026-07-07T10:16:57
457,a7f7374632a3e5d4251a177bf44e615e,27a52810055cfc7f3c075e7bc4ff431d,24927,0.498540,0.001460,-0.653,0,2026-07-07T10:16:58
458,3871174acd42a18f6e7fc76284785b02,00a8b7fcad86e89a0076bf6a235e4fa7,25025,0.500500,0.000500,+0.224,0,2026-07-07T10:16:58
459,3a7e720c2f52e03ab9d2ff39747d88bb,42887c4486a607d61cae840429ad2372,25103,0.502060,0.002060,+0.921,0,2026-07-07T10:16:59
460,ee3e3eb2927bb35f434292e0114cc285,db7b89f2ef91081a364236d63fe19820,24750,0.495000,0.005000,-2.236,1,2026-07-07T10:16:59
461,52abd2996f54233d836411f0715fa92e,952c359783060168c9b95bb8090f4813,24981,0.499620,0.000380,-0.170,0,2026-07-07T10:17:00
462,f14ac38a7c7f91a035f38ce64530d57d,d5241c7030f02f8cf8d8ad2962be11c2,24917,0.498340,0.001660,-0.742,0,2026-07-07T10:17:00
463,e212c4a63e703af3703c576d716f447a,bb40a163e4ced44f0f0b6eddefe56595,25043,0.500860,0.000860,+0.385,0,2026-07-07T10:17:01
464,aef054579d9fabe7afe25824777a261a,817c099e2d3b5c20b80c57ae881c59d4,25109,0.502180,0.002180,+0.975,0,2026-07-07T10:17:01
465,2d42bd09906a78b19456868be0cab089,656b296a53f26a574664d13a2b6dfea3,25026,0.500520,0.000520,+0.233,0,2026-07-07T10:17:02
466,7727081b033814344a7289b7f00772ce,339397408a52224b77c71efd0b67d2b2,24953,0.499060,0.000940,-0.420,0,2026-07-07T10:17:02
467,4647261cac72255e8817bab1a7cff8a4,1352c2ee2c0812f7227ce92967833479,25096,0.501920,0.001920,+0.859,0,2026-07-07T10:17:03
468,524b9c99ecc967bbfaadd388facd05bb,e2187efb17ee921bb47b7e1db4f29301,25012,0.500240,0.000240,+0.107,0,2026-07-07T10:17:03
469,007c203e5e4ab3a95698680c8741b996,d435e5a07339b35113735a4ff702a42d,24898,0.497960,0.002040,-0.912,0,2026-07-07T10:17:04
470,c8d9d9a0f812ee13841dbaa4066b0893,8ebf4b264f43a2007a55b27c7f25119b,25005,0.500100,0.000100,+0.045,0,2026-07-07T10:17:05
471,f5243b3c7325f9cc1693f8aaaacccaa0,b651ac82268da2c517ddfee12f3d2ce1,25122,0.502440,0.002440,+1.091,0,2026-07-07T10:17:05
472,fdae805a46a226162c4fb0844908af04,15abded0e6ade9e8b4671f024ea96825,25042,0.500840,0.000840,+0.376,0,2026-07-07T10:17:06
473,04d00491af4ac85b446671814ec5973a,4540369a7d9ac87014e6f24be0c97f06,25027,0.500540,0.000540,+0.241,0,2026-07-07T10:17:06
474,ed5123923782a59f5e4e8df247c26459,10d69c7ccfd106cd9e628f5803411b16,25019,0.500380,0.000380,+0.170,0,2026-07-07T10:17:07
475,b2db7d0652a967b2f165b32e9bffb7fb,9143c5e13242b2a67a3a3505a4348c7c,24898,0.497960,0.002040,-0.912,0,2026-07-07T10:17:07
476,751ab276a6808e3735242e3002c81904,5d572d1684369e00b9acb11d8c32a2be,25115,0.502300,0.002300,+1.029,0,2026-07-07T10:17:08
477,20e9e179d6a18116f4448f6fff36b0eb,8bb72d11e8dc869795117c5cb3f26031,24965,0.499300,0.000700,-0.313,0,2026-07-07T10:17:08
478,f781d2d10d31306ec595a63266ffa8ee,fd3204d8c6bfd34dac86c241dbef046b,24962,0.499240,0.000760,-0.340,0,2026-07-07T10:17:09
479,adfa22c53e31398bd7ad348eed9736c0,f344c6e4198f4c80cd4ccf35ab1699aa,25097,0.501940,0.001940,+0.868,0,2026-07-07T10:17:10
480,bd68107d6740b903b29b67e9414feffc,99d54049f9d454869a6f07a7381b063b,25136,0.502720,0.002720,+1.216,0,2026-07-07T10:17:10
481,790da738d1e644d6e0240db2e46d8c42,2fd6e6adec950e9fc1ee0873274e2304,24918,0.498360,0.001640,-0.733,0,2026-07-07T10:17:11
482,e9b60ab2859aef7e6a0119c2d3eb4d15,a960700aa843478368f891064d97aa22,24999,0.499980,0.000020,-0.009,0,2026-07-07T10:17:11
483,9fbf3c764fdb32c59bea583d519c2c6b,96c4d254542dceb8a511d80339334e36,25010,0.500200,0.000200,+0.089,0,2026-07-07T10:17:12
484,6af97ce4e9b60826531a5ef0876379d4,5a56d5706be95294b6c5a933ba16b45e,24961,0.499220,0.000780,-0.349,0,2026-07-07T10:17:12
485,1494fa1fe168234c51357ec406ac86c8,222c0247fd6a7b79d46c83c1adca17d9,25172,0.503440,0.003440,+1.538,0,2026-07-07T10:17:13
486,b5c9bb60caaeefa8d5906bbf7bcadee5,ed0ec99979d70886bd38fe567a909072,24941,0.498820,0.001180,-0.528,0,2026-07-07T10:17:13
487,e85602c776210d37474895d64b10a608,33ec569aae11e08331fe317200ed77fd,24931,0.498620,0.001380,-0.617,0,2026-07-07T10:17:14
488,410a9d74b594279ab17202803b627ef9,4de2d666e382e6fa1f9b58dcedc84f49,24969,0.499380,0.000620,-0.277,0,2026-07-07T10:17:15
489,67c790f0b58b3966b66faf9686ef14a1,38517730499ff4c49fa106a5b008d3f6,25295,0.505900,0.005900,+2.639,1,2026-07-07T10:17:15
490,3b64eb9c9fb07dfb33067445a58b1199,3adf7d073dfc9119b23c9689a2ce2c63,24952,0.499040,0.000960,-0.429,0,2026-07-07T10:17:16
491,fd573e07fee746bfa45dc73d1eb194ca,c2b8129a6100a82b1f7aafbdfb9c4de2,25114,0.502280,0.002280,+1.020,0,2026-07-07T10:17:16
492,aa9139c15de7c83a15a21e544abcbd8f,c08db6296bf4712df24128be5c75f607,24876,0.497520,0.002480,-1.109,0,2026-07-07T10:17:17
493,3c2d63de9537eabd16b100b88ea39e78,42731f21276a7f77ffc76e08a16afa2a,24978,0.499560,0.000440,-0.197,0,2026-07-07T10:17:17
494,a67e04c761d7709ad9ca04af3963e7aa,c143e265a849f0b7c372da861d2f0553,25055,0.501100,0.001100,+0.492,0,2026-07-07T10:17:18
495,bb62be87e6057b2bd8b17e605d8fbc67,887e52eb20c903aa599749c0506a944f,25024,0.500480,0.000480,+0.215,0,2026-07-07T10:17:18
496,d438ec2ddc3e4f916a210330742e3001,3b595b71650008711eb64eba4f9320cf,25185,0.503700,0.003700,+1.655,0,2026-07-07T10:17:19
497,5a8c7bd2ae0d2a07bfd2bb70958b30ba,f2d410045ce74bdf71dc531ab54b1547,25189,0.503780,0.003780,+1.690,0,2026-07-07T10:17:20
498,278f685eb7b74070c3c1106bcc9fe748,d881a9a605964800fbeb3435ea898bff,25193,0.503860,0.003860,+1.726,0,2026-07-07T10:17:20
499,f78d4057b4e1df5eb63f3fe457f58e25,faa249260ec50a3f62ce67f2293eb14f,25121,0.502420,0.002420,+1.082,0,2026-07-07T10:17:21
500,c3c36d37ab46003dc8731a21542fe2c2,89afef98bc4568cd7bced5016182552a,24946,0.498920,0.001080,-0.483,0,2026-07-07T10:17:21
