trial,in_mask,out_mask,count_zero,prob,abs_bias,exceeds_threshold,timestamp
1,13f6dddaca6aae5ffcc4c3bce2f4bd7b,38954a3c4aea18d64d965b6d4e1a917c,25076,0.501520,0.001520,0,2026-07-07T09:20:43
2,98f02103b6e495984ac005e24b377c83,127ecb115e012ec9df73641183512437,25120,0.502400,0.002400,0,2026-07-07T09:20:43
3,ec78cad642e62d49d073c6580adaad39,9fb13e9d0002c0309033222292a9518c,25044,0.500880,0.000880,0,2026-07-07T09:20:43
4,5f923513d57d6e05a7a094d001eda794,bf6a9176518788a83aca4fc9a8f217e3,25110,0.502200,0.002200,0,2026-07-07T09:20:44
5,7427038cc9ce4d2cf963cb1753269869,79f43c259c41b6462e806b449a47ddbc,25030,0.500600,0.000600,0,2026-07-07T09:20:44
6,ff30133329e99a59a3c347f8f9990a8d,76a572128948c25c4d9e525a96dea460,24986,0.499720,0.000280,0,2026-07-07T09:20:44
7,bc887aa3c29f7110ccdfe6172b6dd4bf,e5cc348668cfa008af8341e79e6cc865,24956,0.499120,0.000880,0,2026-07-07T09:20:44
8,501244cf6fea54b8579e2f3b210e8164,94013828d651053e3d85552f6579bce8,25088,0.501760,0.001760,0,2026-07-07T09:20:45
9,3c9e4c810c160047f6f088ae1855a841,7e47c4889ff88a63546218fab5c2068b,24939,0.498780,0.001220,0,2026-07-07T09:20:45
10,9f5f538911b358adb64a8230521ab176,a85a41a6470ccac25e3578408cc8b46a,24938,0.498760,0.001240,0,2026-07-07T09:20:45
11,86d353f421d478edccdbe0b5f1ab2973,52f68a8e7fe02bb5f6a35fbb89df476e,25075,0.501500,0.001500,0,2026-07-07T09:20:46
12,73fc4b1988d081bdffa05e09b886ca8c,918e67dde38f0d7a71c7a0e28ad9f0ea,25107,0.502140,0.002140,0,2026-07-07T09:20:46
13,d413d6df73fed2d2d1ed776db411dabf,64a982bbc0ba10a8d05391bad4c175d5,25060,0.501200,0.001200,0,2026-07-07T09:20:46
14,8cce7936067ead375623a0a69ff85881,0420c944c2c8d9bf389ce81f0959d614,25091,0.501820,0.001820,0,2026-07-07T09:20:46
15,696d7ae4a386a5825a812f65a46baee9,885eb990a24900c535f8bd37b1450167,25170,0.503400,0.003400,0,2026-07-07T09:20:47
16,5d4e3dad05b79d7dd9c4d66fc71805f5,44f0bc0d1867cf01d1ef55538301d8fa,24739,0.494780,0.005220,1,2026-07-07T09:20:47
17,74d7b08eb0ddd49a1c59686e9e6f7474,ad68a9ae8f85747b09d15784f4756da9,25179,0.503580,0.003580,0,2026-07-07T09:20:47
18,f532750b5e6fc5a99bba0d87988d7abf,add49cf4a3e8e7b78fdfcf1798bc6cef,24829,0.496580,0.003420,0,2026-07-07T09:20:48
19,ddce0ebf0ed8c0966e83371d7b7d7111,773f3e007f9f6454c2edbfc83314f471,25133,0.502660,0.002660,0,2026-07-07T09:20:48
20,f18daf49043b72a4a4668ae335b4d48e,9ae3975f5ce13bc7da0c63449b5d2e36,24965,0.499300,0.000700,0,2026-07-07T09:20:48
21,14eb88c38ea0b04741eaf9c5f97ed8ca,42aa37146163c80542ae7644cfd4840e,24921,0.498420,0.001580,0,2026-07-07T09:20:48
22,715267ca4aaf5841488a6b6f3c4c711f,607fa903e0a5ff8284afe78161b91bc6,24996,0.499920,0.000080,0,2026-07-07T09:20:49
23,a6f26002b169c89d9aaca98258cce1e7,4771f88210e4c9cf647df04168801d9a,24962,0.499240,0.000760,0,2026-07-07T09:20:49
24,96c1cfa0f052e49205de435926d38859,4b8988df69a0da006b7f868099298eb6,25085,0.501700,0.001700,0,2026-07-07T09:20:49
25,9cbd92267d046a729663ba051f133bc7,711a44fefad1958a7e0cc09d8f202faa,25146,0.502920,0.002920,0,2026-07-07T09:20:50
26,21aece48b3539cae6bb6dfa472b056bd,67756bea4b49a10a2fc5cd2d577d0a1a,25007,0.500140,0.000140,0,2026-07-07T09:20:51
27,3f781bf50bfc4a21fdb43ffc9d19e282,c2ab28fcaad5a33a4574752192bfef22,25029,0.500580,0.000580,0,2026-07-07T09:20:51
28,6793af649258d3b652201898af868578,432ccdcce3f3520914bf9003f266d3ca,24971,0.499420,0.000580,0,2026-07-07T09:20:52
29,ff1e7ab06a350b7bf273a02545c9c516,8807c98e8cd22984420ac73f309cbb6e,24915,0.498300,0.001700,0,2026-07-07T09:20:52
30,8dab4ae57ba6f955bfbe89c0fd86f2c1,884283003b415b231d14fcc175ffb2eb,25034,0.500680,0.000680,0,2026-07-07T09:20:53
31,695942e52c2a0be2a42d0950c24ffbb2,27723befb708b116be8df3a129dc1948,25192,0.503840,0.003840,0,2026-07-07T09:20:53
32,3fe6eda78e71373d6404dfe6543d49f9,94711f246ca171f3a9f0b6d03fd6d730,24890,0.497800,0.002200,0,2026-07-07T09:20:54
33,ed5cf07fddab8ea85277d21856d6ea04,6cb2f7f1c34f9816eb34ed01c5f0447d,24920,0.498400,0.001600,0,2026-07-07T09:20:55
34,6f283f836645010fa35d3a9c99506f7f,2701cd6bc2d5cd89cca8173992dae21f,24924,0.498480,0.001520,0,2026-07-07T09:20:55
35,78ca3763a2c1cfe66ef384311beaa670,e6e7a405b3c727e35f458d2175a201e7,25075,0.501500,0.001500,0,2026-07-07T09:20:56
36,b0fb096aff5fa889ee2843e0cbf7b4b2,46972ce805c873d89ca1358c289743d7,24886,0.497720,0.002280,0,2026-07-07T09:20:56
37,694b450f9c32010beac95a486d3f92e7,919061a89a2a776f6b28dc111e79f214,25040,0.500800,0.000800,0,2026-07-07T09:20:57
38,448fceaa723d0a78c9815bcd451eeb45,70ff1fd2639d4df41ae59e0ce5bd3c76,25020,0.500400,0.000400,0,2026-07-07T09:20:57
39,910c21e1c03b8496f64251cfddb80bc2,7b16f063f49a70fa584416ad396464e7,24913,0.498260,0.001740,0,2026-07-07T09:20:58
40,1be07f08d2541bdd3218c0a01b27031b,4eb89806140974a7b595fc8500809620,25189,0.503780,0.003780,0,2026-07-07T09:20:59
41,db93915036816844b119139bfec4f873,7edaf1291c0d37b94ba9da85390b43f9,25036,0.500720,0.000720,0,2026-07-07T09:20:59
42,af1facf3d7d0b5836d6856881a873acd,6fda3ae037b237a221b7ce569b6c177b,25097,0.501940,0.001940,0,2026-07-07T09:21:00
43,68f57eef1f99e77f7709689a485a264b,12bd7a26b6d0cc1a8b8af1c8e7c91e19,24993,0.499860,0.000140,0,2026-07-07T09:21:00
44,7a0f1babe833bb411aff884e6c7ebe6e,ca353684127a10715653c0fe8ae79dc6,25042,0.500840,0.000840,0,2026-07-07T09:21:01
45,eb2f9d99f16098d1cc61d2d93c17a55c,8539e8246498ac61c7c118a2b8e9ce9a,25055,0.501100,0.001100,0,2026-07-07T09:21:02
46,1773a758068c67927e087e62d8882403,b25d247124a0fafade846c36d7f928bf,25056,0.501120,0.001120,0,2026-07-07T09:21:02
47,772738462758423eeed75dcdf9c149ae,5d6ee5903ec72ab161b9be76811ec3e7,25204,0.504080,0.004080,0,2026-07-07T09:21:03
48,4f415047d1a3601a55cefc1ed942fa3e,8295626bf687372b639838c842f1c8c6,25022,0.500440,0.000440,0,2026-07-07T09:21:03
49,5459a045e3bf774c0055bc073b6ec7b0,3f310ae0cbb03dd2ab28c8b0b9b46683,24944,0.498880,0.001120,0,2026-07-07T09:21:04
50,97b77ee3ef59bcfc9664d183a7a87650,554451e62f5e2ca5cd8f7533fc182434,25102,0.502040,0.002040,0,2026-07-07T09:21:04
51,c3de618c4218eed4d57a68fc378a3ef3,9989271182f0b2a128eecde7dab95e94,25206,0.504120,0.004120,0,2026-07-07T09:21:05
52,1d3a8681c7f413caa7850a5c1fffda2b,03cd6d566856521bf8ad4a34004a6cd2,25080,0.501600,0.001600,0,2026-07-07T09:21:05
53,2f022dc4175b23647983bad1a79115ee,972f15a6874c92222a17e05fb81101bc,25046,0.500920,0.000920,0,2026-07-07T09:21:06
54,ecc4408ae5f6b0fc3228061ae68dfbcc,b2c583e4977027f61d54ea0448156704,24923,0.498460,0.001540,0,2026-07-07T09:21:07
55,92e1badb38f3ac3d5ec4547a4d6290a4,d49d9dbc54fe4f6e4fcbba0f7864571c,25056,0.501120,0.001120,0,2026-07-07T09:21:07
56,1a54d2a93517646f03ac070ff221c44a,8d5e8748b13e1f0b51a1908628ad0c9f,24939,0.498780,0.001220,0,2026-07-07T09:21:08
57,ea53e00856930f65b5122ce25954762d,c4ce970158e787e3496726c046d75b30,24880,0.497600,0.002400,0,2026-07-07T09:21:08
58,d71eb7fe8295f7fe23c8b6116bab14b7,6bb86ee1d25a29d20d377821fa50ba68,25007,0.500140,0.000140,0,2026-07-07T09:21:09
59,2db84b2f2ef96f63346e396f5e2586eb,9c0f2b13bb5dcdeeabdfd470523934fe,25092,0.501840,0.001840,0,2026-07-07T09:21:09
60,492669582282db0cf05333402f476cc9,7b8282099515a1d82e783dd64bf8c6d5,25004,0.500080,0.000080,0,2026-07-07T09:21:10
61,13b22d009020e194b0fa20a8681795a8,496bd39ed3acc4a3f14e9d7a33ed0404,25039,0.500780,0.000780,0,2026-07-07T09:21:11
62,31f780d79bf5dde30dae680b444e6182,87c17d3820521c1b440ec3b1274decf6,24879,0.497580,0.002420,0,2026-07-07T09:21:11
63,812c89a60f612973d1ce9c09ca0f949b,5f8a2a13bb485500df1ca0a98694ae36,24956,0.499120,0.000880,0,2026-07-07T09:21:12
64,1a0a147cac1d27b842b9510cf2ae1320,d61addac0b811eca0012017d1c8bc792,25098,0.501960,0.001960,0,2026-07-07T09:21:12
65,138a240cb447916fad0841a0eaac8c24,c00a0891155b335ad16ed92a3cf6c241,24913,0.498260,0.001740,0,2026-07-07T09:21:13
66,70474e806174041db551f658b3bd77a4,891fb370a11f2d13ebef0e47159f37e3,25184,0.503680,0.003680,0,2026-07-07T09:21:13
67,70ab25f7e7b8691a2c3e28b7dfac5933,10839aad175fd280307e781573e44a64,24909,0.498180,0.001820,0,2026-07-07T09:21:14
68,95e127bc57241cfee2dfc6f7322ea6bb,f846041ad613581375c2802e323a9818,25043,0.500860,0.000860,0,2026-07-07T09:21:14
69,8a0a87005313e138a57c8e6cb354a7c5,3267f270faf33e7fc22bad63b5416eb3,24975,0.499500,0.000500,0,2026-07-07T09:21:15
70,d1c1277c34b3de0b9a71fbcc70b00159,2204ea2b88adb11bc587692b1b29756a,25151,0.503020,0.003020,0,2026-07-07T09:21:16
71,02a8d06cf59f2c242015b07f4047a670,b40f9c440b53c4bee29a667e1cb6acc2,24928,0.498560,0.001440,0,2026-07-07T09:21:16
72,e20550eb0991979b1ba5a986e442df58,4f3a2b08e682677ace5b58c20698fe09,24864,0.497280,0.002720,0,2026-07-07T09:21:17
73,bedad5d42e915a164c8af972be428a55,ea1331bfff3ca4f9ca97abe9295189ac,25139,0.502780,0.002780,0,2026-07-07T09:21:17
74,3f181924b9e2f79924d07f97564aeedf,1329de65ed85b9f5e142b33918c7ffaa,24996,0.499920,0.000080,0,2026-07-07T09:21:18
75,aa336a610688db5b43b22c7a9898796e,b713e6812506215da23afe9e0a651510,24894,0.497880,0.002120,0,2026-07-07T09:21:18
76,3d2776ae61af95415f04329cea345831,aa814dd2a68e2755d9d9e2dcc49282f7,25167,0.503340,0.003340,0,2026-07-07T09:21:19
77,f3e697229cb91b14d40c4347e071da2b,448dc05b3e6c986c38059a5314f9327f,25143,0.502860,0.002860,0,2026-07-07T09:21:19
78,1a4ccb24939f2f70c7e282703aceeb6b,5317168de12ab1e5d7acbece7ce7f24d,25083,0.501660,0.001660,0,2026-07-07T09:21:20
79,0190258c628f33d0e87ceb179f6e0b48,09c535de2b994b73b771dabfb7bf5456,24934,0.498680,0.001320,0,2026-07-07T09:21:21
80,f3f9ced92e0b1fae8ca81f857d3d4ab4,18f9a13bf391529bad1608daf58a2e2a,25097,0.501940,0.001940,0,2026-07-07T09:21:21
81,5c690aaca712a71e35cad18fe63b0360,fb623b06d48bef4dbde1c4aebe818515,24947,0.498940,0.001060,0,2026-07-07T09:21:22
82,c4d3444457f9f6e94a79b0287689bc96,dabc96ef22dcb987099454b7918bb209,24967,0.499340,0.000660,0,2026-07-07T09:21:22
83,61aad65e7eb5b43be4877cda17e317ca,45a45f4b2723e907884643f95bf7a3a0,25291,0.505820,0.005820,1,2026-07-07T09:21:23
84,67fab08574664dd29f60247bc2cf99d9,c9c721c14964c3c11e1f4f7b768149bf,25074,0.501480,0.001480,0,2026-07-07T09:21:23
85,a673f0ac5ad7d08eab3e81dfb0e5808a,7a47a07b4244e20ead290293a8eba706,24935,0.498700,0.001300,0,2026-07-07T09:21:24
86,2f51995be0d1e726262c02c014af7092,7d127bf8b4498179dc4ad55c4b8a568d,24921,0.498420,0.001580,0,2026-07-07T09:21:24
87,5abfccecd7bb22bb715d0479bc502c38,4564901f89946e7aaf06ba4eb711d93e,24865,0.497300,0.002700,0,2026-07-07T09:21:25
88,00c50e0c9f1965a98d2c9b0bb2e7fa7b,af6e41a26ae73eeee1a7a17c2959d13c,24963,0.499260,0.000740,0,2026-07-07T09:21:26
89,604da2db8af0c72d19ccd2a6758421a3,982aad0983152501a0aa9f754022790a,24845,0.496900,0.003100,0,2026-07-07T09:21:26
90,40ecb03b3dfe5567d4895a8070ccfc8e,ea05afe5ae8af3be9a31ae1761c561c6,24938,0.498760,0.001240,0,2026-07-07T09:21:27
91,3f9481cca3ad4d129c7dcdbb72fcf4a1,6c57b50c6e322bce35188cc40e7c4572,25197,0.503940,0.003940,0,2026-07-07T09:21:27
92,9ea6ae271ae78098f288887fbbcb75fd,df07b90247efc9cf1093a8f5b76675f4,24942,0.498840,0.001160,0,2026-07-07T09:21:28
93,a856792a6a8c792a9fdc8593dcf11469,4d7aaa0ee944a7d72066ecd1fff28435,24974,0.499480,0.000520,0,2026-07-07T09:21:28
94,616b8a4139a7718d06127bf70cbca80d,83c18fc81425aad81826c67c84606d2d,24974,0.499480,0.000520,0,2026-07-07T09:21:29
95,1d65f8a0f77879a7eccc1e3874098d80,ae9b73432f6a9de7aadc04244fde0722,24987,0.499740,0.000260,0,2026-07-07T09:21:29
96,0af70001ec2725af1db87acbd8448319,16edb9aa9e3ae9766a402cb734f7f5bc,24821,0.496420,0.003580,0,2026-07-07T09:21:30
97,818d3cf58f5beea44a5379daf5aecec4,e11f78984feb906bc131193ca9be1b22,24838,0.496760,0.003240,0,2026-07-07T09:21:31
98,e4e30661877058aad8bb0a52d04725d5,a7a3d28685f45bbdc10e59fb9ddb7a00,24806,0.496120,0.003880,0,2026-07-07T09:21:31
99,c0184ce5c6aba0f9dc50aed31e99c4b4,3bef472bfeb86f093dd6be04d7d4ed0e,25011,0.500220,0.000220,0,2026-07-07T09:21:32
100,55ada698a4417b864fa3670ccb5a1f67,a92183bc582e7aed62d9e2fc5c370f76,24988,0.499760,0.000240,0,2026-07-07T09:21:32
101,a6daa2f9e655bc70637cdcdc1f62d30e,5f9706dd94a1ae028bf969cbb06667a3,25059,0.501180,0.001180,0,2026-07-07T09:21:33
102,198941e5af342fdfdebe41b9a3212091,343eeadd21309e59e58e4681103d0215,25019,0.500380,0.000380,0,2026-07-07T09:21:33
103,cf5c213fed8496e798f5607e8fe0bad9,68f557bc12b7954c2ddf266413bd881e,24870,0.497400,0.002600,0,2026-07-07T09:21:34
104,e4e16881cf0738e81021829203cf3253,4bac28ddd59b8aff5d5b9759979c7981,24832,0.496640,0.003360,0,2026-07-07T09:21:35
105,e898973a5362172a5bca855c739b3fc8,589a0faa0ab3fd1e1f6312ab396d3b11,25108,0.502160,0.002160,0,2026-07-07T09:21:35
106,2190bdf9c204a7635180f7b36acb0112,9f2f405cb82fec0c7c2b7508002432a1,24940,0.498800,0.001200,0,2026-07-07T09:21:36
107,fe59cc5fa74652924fe0ee197b293f12,9674d40f4af25c8ed05ff703aa0bb15b,25037,0.500740,0.000740,0,2026-07-07T09:21:36
108,558e5faba78d90df57adcb7ba9908846,2b89796c57132ed0c5ff5d4f1b918eda,25109,0.502180,0.002180,0,2026-07-07T09:21:37
109,76b35c3c16592d9cff88cbedd80d32e8,124eafa1f4fb1a840aa48f77c2896d18,25123,0.502460,0.002460,0,2026-07-07T09:21:37
110,567c7a582b7037ed2dd9bd8768b3a996,ef1c9b507f52a31003f0a13480ff2b8c,25200,0.504000,0.004000,0,2026-07-07T09:21:38
111,d3ade7b6c45fe0cd1962e6da8b1b8b33,08d3cc39b42a0222bcfdbb9d7889a7f6,24956,0.499120,0.000880,0,2026-07-07T09:21:38
112,5bd9a05f49076328dec5174a94ce9267,609ee76a04b4eae3779e6745a88e1b11,25016,0.500320,0.000320,0,2026-07-07T09:21:39
113,c40530f9f864d46b27b64ad4cfa1c023,6eaec8a7ba7de63545bc9ad5bde39009,25004,0.500080,0.000080,0,2026-07-07T09:21:40
114,07af8b005837c4dbb7287b1af7ba3374,850a8df46ad5f815908b72db0e767974,25148,0.502960,0.002960,0,2026-07-07T09:21:40
115,4d7ee403dd58a798cbc63eb2f94523a9,cf163450078c32e706ebda75cc735387,24826,0.496520,0.003480,0,2026-07-07T09:21:41
116,0d2e6e600de44e2818ae21ae173cbe45,d5787d3d70caa12dc7e66bed5dbd911d,24874,0.497480,0.002520,0,2026-07-07T09:21:41
117,a915e1a0bfba2f1fe512701607cc825f,e94042c58f6930a6fc651ace970bd19e,24954,0.499080,0.000920,0,2026-07-07T09:21:42
118,66d5e2db46caafdb6fe719e5b7d135ad,069b4ddcce6aa19479fd5afbea0133bb,24885,0.497700,0.002300,0,2026-07-07T09:21:42
119,f53768a64940b9380e8b042e9c46f957,0d7d16a0677915d31bd46af1c4edc74c,25222,0.504440,0.004440,0,2026-07-07T09:21:43
120,4f7bb657d4986484db2bf853e29a7299,578c5fddd0ebb36a71ae7cfd58f013aa,24816,0.496320,0.003680,0,2026-07-07T09:21:44
121,00c247186239c41b0327225c9cb0f9eb,0909eb3e3a27b5b8d103ce0a740e634b,24823,0.496460,0.003540,0,2026-07-07T09:21:44
122,63710d91df0661fb570185759a5703db,18c06bfc948ef66625cd31fc62e79ab7,25023,0.500460,0.000460,0,2026-07-07T09:21:45
123,809eef6abc9d54ca2ef7327068848ab3,08595190868de1409dccb123814d5c76,24945,0.498900,0.001100,0,2026-07-07T09:21:45
124,cb4cb6e246617127d0ce7e2495f23628,e75468f767a44ac5b25562ede0294732,25205,0.504100,0.004100,0,2026-07-07T09:21:46
125,2912747d9045b04b005e858b18189ce7,7b413c86500c71b1ee05f980ebac7bcb,25094,0.501880,0.001880,0,2026-07-07T09:21:46
126,9f0e1184eb6ddb9a18c014b2e8d95bac,54848900ccac70108719a7c07b483d6c,24965,0.499300,0.000700,0,2026-07-07T09:21:47
127,ff404d8ef4f71caf14726eddfd8be4a1,e9f2a3d9e6e00e49f410bcee5c7f9e93,24984,0.499680,0.000320,0,2026-07-07T09:21:48
128,c9011b3f1e422ec7d016bef78f8d8b48,fde611791631f4916198f51e5d021484,25140,0.502800,0.002800,0,2026-07-07T09:21:48
129,616dcf228339bad1aea6b622f7b2f425,82950a01302052a5b09bae4c18fc7cdb,24920,0.498400,0.001600,0,2026-07-07T09:21:49
130,aa539c65223d3887cd9a84d073360062,0eca9df51c3363df6bf0c379d1e3b4a2,24756,0.495120,0.004880,1,2026-07-07T09:21:49
131,7220555bbe84539b9fc03438d1f36e19,6d6528621ea6a963d19e340d17f698f8,24884,0.497680,0.002320,0,2026-07-07T09:21:50
132,333d7776cc6ffc151787ba02eb8fc263,adfbbcf1d19332e6fe10237fea7f29ce,25058,0.501160,0.001160,0,2026-07-07T09:21:50
133,e378075a705062b28b535af824e28135,6b7df6ed8a472679b9e60bb7f5f121ee,25187,0.503740,0.003740,0,2026-07-07T09:21:51
134,3c9b4b5c8923cbad057e0a68d20559b2,5f0af2d1aced6ef9389edb60c22fb119,25057,0.501140,0.001140,0,2026-07-07T09:21:51
135,14b2d3f829a5965292e573e3d2b867f4,6931aa70fb4e7cb163653c916dfa5ab6,25074,0.501480,0.001480,0,2026-07-07T09:21:52
136,20dac7edb8574ed16b072c623d991eb8,020b313b0d87d9ff89416114d157e07d,25190,0.503800,0.003800,0,2026-07-07T09:21:53
137,ccfa9b68ca12bfd7076e6f19cf6e10d6,74cde2b0e87025f67638470a45f11115,24933,0.498660,0.001340,0,2026-07-07T09:21:53
138,54c2fa5616608e59767d9b3522267a47,ae4ddfde25c7f28e357aaeb6070c6ef9,25179,0.503580,0.003580,0,2026-07-07T09:21:54
139,f5f17767d84b89039d64b59a021fc757,15c0c7a100b6439c105f99948470ccde,25033,0.500660,0.000660,0,2026-07-07T09:21:54
140,72d07aaa165c0ec3e474abbbbce2d4c4,4cee1cd4224d56e384118d015279a431,24945,0.498900,0.001100,0,2026-07-07T09:21:55
141,d293436e3981c250f02e8990a072b1b9,54760d0deb641f91e2154c629fd95a82,24981,0.499620,0.000380,0,2026-07-07T09:21:55
142,b68f309a9dad995d63813722e1b74f0e,25cf7f5e1b359014a26b24a99c84b22f,25028,0.500560,0.000560,0,2026-07-07T09:21:56
143,a22f5eefb48cf7f88ded2a6bc6e5f994,0cfb51b1856aaf465ec2b10051c0d11f,24771,0.495420,0.004580,1,2026-07-07T09:21:57
144,9574cb36756709a54846d02b0f48b6ab,608a0bef4e8ab3644c76852f25c2edbe,25012,0.500240,0.000240,0,2026-07-07T09:21:57
145,e61e0b35492f4fff9d2e5449baa40fb9,b42699919ec849dccd9487060dd88a15,25169,0.503380,0.003380,0,2026-07-07T09:21:58
146,440f73d23d94d2e38bba046690c7d433,76b9f28746973984234f57f4517c73de,24979,0.499580,0.000420,0,2026-07-07T09:21:58
147,0ac09b6cd412fbc865c29901b562a540,cc532264c673c05767a6ba1b04cc987b,25065,0.501300,0.001300,0,2026-07-07T09:21:59
148,e1c5f2be78e31230497d6c7b2b370d0f,7d620e2d19b91da35bdb59b470501f4b,25081,0.501620,0.001620,0,2026-07-07T09:21:59
149,67668ff915429b1d86b6d11157f0f764,b7d81e6fc51062add4dd6f38d67e24b5,24932,0.498640,0.001360,0,2026-07-07T09:22:00
150,38c494c51963408d324faf472235d4de,b51abb862332ff3f62be1dcbd89c218c,24863,0.497260,0.002740,0,2026-07-07T09:22:00
151,28379a72d6641feac998e710c55b1a70,efa2b494fb750c60a12e8cad10b9e35e,25034,0.500680,0.000680,0,2026-07-07T09:22:01
152,b8bcc654a4af3f75003007d3c7baee81,4d19c4f0c8f05decb970fdcc2981b331,24986,0.499720,0.000280,0,2026-07-07T09:22:02
153,c0da91ef8bfec865e9d44a097cc191f8,2c66c7bf293d060a72f7725161a4ea2c,25071,0.501420,0.001420,0,2026-07-07T09:22:02
154,3296c169c4725b083cad10d8445a95bb,be28bb9c41aeb22de2d66f1b60f48901,25031,0.500620,0.000620,0,2026-07-07T09:22:03
155,97423e7567dee662f598e4e45fa9d59a,7a753f7fd80492af011ed23a37ffe828,25100,0.502000,0.002000,0,2026-07-07T09:22:03
156,2bbfe45780b3f444acb800a1a4c2d969,abc3947dfe339655322d62f9d5845afe,24932,0.498640,0.001360,0,2026-07-07T09:22:04
157,b985c107c44f1d25f7f84d1db89eaac1,06ba557daeb11bef1f21cce30ed2b961,24827,0.496540,0.003460,0,2026-07-07T09:22:05
158,3bb279ac070a98e9267d481a7ada656f,395e1ca208f8a3485761310b45a896c5,24952,0.499040,0.000960,0,2026-07-07T09:22:05
159,8da9ff8ce44f791dc45a03a9acafe636,7e74dd80ed84eb6fe1c4e967d49b7cd5,25123,0.502460,0.002460,0,2026-07-07T09:22:06
160,e9a3e7ce6711f469c793bdf8c1824aed,fbffd2c881eb350f165a2d26b083ffb1,24847,0.496940,0.003060,0,2026-07-07T09:22:06
161,6d83154090f6eb74b028aa4ddd7a4a03,041482af00c32d51abb306bb94fcae6e,24968,0.499360,0.000640,0,2026-07-07T09:22:07
162,378205038325bb2e68cecaae32fbdf71,941894288734795829a5acdd34b6cb1e,25034,0.500680,0.000680,0,2026-07-07T09:22:08
163,ee1015afee6d197385db0c35353b8854,1b39c5dec712a8075c5afc98b6d2139a,25097,0.501940,0.001940,0,2026-07-07T09:22:08
164,ec44abad3fd5406a0d914a5f27c63129,cab008d58a974f1633404a0ad8c0f5ea,25057,0.501140,0.001140,0,2026-07-07T09:22:09
165,3efe43818bd3596359d94d5fed119c84,e887ee209983450267e3584629b6ed15,25101,0.502020,0.002020,0,2026-07-07T09:22:09
166,10525f6df7b40e85339d125ab07d57c3,324bb21ddb4ee0c5f1a2e778c720bb0a,25076,0.501520,0.001520,0,2026-07-07T09:22:10
167,bca8b613845cfbba151b8b115d98f500,94c9d54e952e4f127e91db146feb1f95,24846,0.496920,0.003080,0,2026-07-07T09:22:10
168,cbbb7b8376f60d0439c680dccf254e39,4d2ac926cd6b7306a65709ef14cfb258,25040,0.500800,0.000800,0,2026-07-07T09:22:11
169,1a1483d37d2754f0db86758e46947651,2555dce5fbcf26fdbd4ee63f554cd4db,24997,0.499940,0.000060,0,2026-07-07T09:22:11
170,6e340f308fc9401c0d778d2646b9a2ea,1deb78f1479ea1315a1cb3efec40f98f,25004,0.500080,0.000080,0,2026-07-07T09:22:12
171,3236d8c2c9db8ae256b93551bd5d8a63,657adc41429c8e2c10586efe2cbd5636,25113,0.502260,0.002260,0,2026-07-07T09:22:13
172,4a8974371b7a17df8c05d615718a2b0d,2cff1105d54746700687d237063f94dc,25167,0.503340,0.003340,0,2026-07-07T09:22:13
173,94356bbc6743029699705cf951dacc3d,88a16859f86884c9d8f365c4289b9850,25067,0.501340,0.001340,0,2026-07-07T09:22:14
174,9acfe3b4328f796cec1f3647306f1c79,0754ac928c1a65335833efc5b64db8e3,25103,0.502060,0.002060,0,2026-07-07T09:22:14
175,7be59f36cda5333b3ca95c097c28c695,aabe650524c635c9f6f111a237a36571,25159,0.503180,0.003180,0,2026-07-07T09:22:15
176,2ff474b37506216acc81a779ada398b5,26f6fbc63f1d2c6e221cefc686f4383f,25127,0.502540,0.002540,0,2026-07-07T09:22:15
177,98e62ada960de7072875a59af65394e5,705799230535f883573b6c1b75ae1e0d,25043,0.500860,0.000860,0,2026-07-07T09:22:16
178,eb29ca0855d8f5be55dd00dc20c17b31,b0f3e879725163358f4ca7ad5b09604c,24992,0.499840,0.000160,0,2026-07-07T09:22:17
179,49b70d85b5e8ef2c9616bb9bb7ec7d0c,391924e40eee41196847e9407663b368,24741,0.494820,0.005180,1,2026-07-07T09:22:17
180,3be508eb98bd4c5301bdcba234a4e84b,1c2efedecf1e17ef669c42d7257e8a43,24962,0.499240,0.000760,0,2026-07-07T09:22:18
181,7cee25224e1a18d3b7ce32545643baac,d39ec6fecad8af6a34af2f1be53facbf,25025,0.500500,0.000500,0,2026-07-07T09:22:18
182,64b87d024d009f7506de8d04e67fe22b,88cb6b0bd3d13309a18e8fd46a19ff3c,24868,0.497360,0.002640,0,2026-07-07T09:22:19
183,34491775cfdc1b9f03db0b0a5cf34a86,ea8e1021760a408b16d7db41c38076a0,24867,0.497340,0.002660,0,2026-07-07T09:22:19
184,33e32b634c52dbfa5995a0d8584b1e3f,87cd183325ee080b6711453688631e4d,24819,0.496380,0.003620,0,2026-07-07T09:22:20
185,3a4dba895febc68a110e00c802c4fe70,a73c16c25d97c3200ac299d3b4fd1f85,24977,0.499540,0.000460,0,2026-07-07T09:22:20
186,99ec509ee104cfb05591c5331a3f2634,e99b2ce2210360188d305be825e0fdd8,24984,0.499680,0.000320,0,2026-07-07T09:22:21
187,efc02107a50e147cd5c1d8efe832a231,4b1acdba77e9b08ecf4ea8467a06c9bf,24993,0.499860,0.000140,0,2026-07-07T09:22:22
188,dbc3174979486339eff4afcc04067ba6,10ff52e9d4949a70d1c7b3902d1338d2,24955,0.499100,0.000900,0,2026-07-07T09:22:22
189,1eb99e5c38857e4a104b1375b4d65027,2e0096efdcc1981906676a3c828327fc,24955,0.499100,0.000900,0,2026-07-07T09:22:23
190,97599e8f384d5b2ba174a2b2188adf2e,ed0ab831fd526f52490f47dd6eca044a,25028,0.500560,0.000560,0,2026-07-07T09:22:23
191,a5fa5a299f44b2604f2fc1d042a42c7a,01ad526b4402b8c6a20f3f8686690328,25029,0.500580,0.000580,0,2026-07-07T09:22:24
192,9b6a0cc9bf376286491049b805d588ad,a9da8ef6efeaff4a168f2917a7fede13,24920,0.498400,0.001600,0,2026-07-07T09:22:24
193,a06d4b2b9ea3c5dcca124cb73c70d2de,9806c069d701ae9bfa19d95309a2ac4a,24911,0.498220,0.001780,0,2026-07-07T09:22:25
194,abaf6cdb2d03d5e16bac189c44e23b29,bd4b4c4dcbfba03bf3d5fe4c48165939,24916,0.498320,0.001680,0,2026-07-07T09:22:26
195,7b38bb3e9263956fa475e0e0db1df63f,fd61627d0287ce65be212dedd0fa7ed2,24967,0.499340,0.000660,0,2026-07-07T09:22:26
196,ab177a5c19c4b5956d4b35e166c39d18,b7b7782fb98860920812414afab6da81,24946,0.498920,0.001080,0,2026-07-07T09:22:27
197,c5be3cb43585e6d566ee25461f647a00,7bea6c2eaf820344683a5a633b0a9b58,25008,0.500160,0.000160,0,2026-07-07T09:22:27
198,0a662b8c17c7d6d49e2a1d7d17e47728,ecbc920f73f6a803de6cee84ffd9eb05,24941,0.498820,0.001180,0,2026-07-07T09:22:28
199,d5581ab2639e72d9642f14cf3201725e,1c1098be31561cd6509c77905562a8df,24929,0.498580,0.001420,0,2026-07-07T09:22:28
200,41bc73d50d395a043083423e519680e7,e9ca7a6dec033e416f9a11b595157d61,24956,0.499120,0.000880,0,2026-07-07T09:22:29
201,1b77af89b0ca2e69e2a17ad218f13e3b,dcd2dcd7797364fc8d29b777c5afbbb6,24996,0.499920,0.000080,0,2026-07-07T09:22:30
202,66e6c561db02beaa210e8f5173fd3704,b4940da8d84ef0fdc48f8591216d3dde,25014,0.500280,0.000280,0,2026-07-07T09:22:30
203,656e1249c3c2efd64b268d2ace3a676f,53f9c02f82d1bcb6343d17d26efd0ee8,25025,0.500500,0.000500,0,2026-07-07T09:22:31
204,a995faedc1a70d538a5c633f63d4e487,87a8d889613561a9dff99d483a109cd5,24857,0.497140,0.002860,0,2026-07-07T09:22:31
205,1d2817581f0543e04f010ac1eaf15a3a,318304ee977f3a286fd6c47f9001630b,25045,0.500900,0.000900,0,2026-07-07T09:22:32
206,36dd88c10fe2866a42414b3a69a3f8b9,1c037b7f104e9f85964debb9af069691,25072,0.501440,0.001440,0,2026-07-07T09:22:32
207,1d34119f23472df3f147c0a48548fd98,fa0ddc351b74ac84c8a02a5412e28ee0,25035,0.500700,0.000700,0,2026-07-07T09:22:33
208,95ff09f2faf6ab31ae0c737873ebdf99,41acbcf3bb639c0b505ec37d2ee896ff,24816,0.496320,0.003680,0,2026-07-07T09:22:34
209,2c362c39a7a31728ad87e86a5b185e63,463daabf96ad061ce3e84ac7d3fc87de,25027,0.500540,0.000540,0,2026-07-07T09:22:34
210,7986fb778ee683271f69a2a691fb2b48,d67e40bada1c1a3a4e10e4463096edd8,25061,0.501220,0.001220,0,2026-07-07T09:22:35
211,0572f5975dcfcb9c9d6ae2e651cde1c3,59a7f23e39f4435dc6d3b4cb115c7351,25059,0.501180,0.001180,0,2026-07-07T09:22:36
212,895be49bba4c3f09d48631ac82b06f8b,8cb679634941e6f3745b55c9b7b13841,24886,0.497720,0.002280,0,2026-07-07T09:22:36
213,f55b977b94bb5870b7ae874f17635973,0ce8d4229d170838b60649825b59921d,25016,0.500320,0.000320,0,2026-07-07T09:22:37
214,75d50e024b26efbdf9b114a8e7755151,7d1c2bc241fe4120d84b2ca403e9702c,25019,0.500380,0.000380,0,2026-07-07T09:22:37
215,a0c9e3b0f37383ae715d8f4530d6dca0,ed0cd696a8b374cc784a1e7816154024,25145,0.502900,0.002900,0,2026-07-07T09:22:38
216,e28ce9c0583ea88c7f90a3fe37b54789,6b38d99c641b1bd359285d59543a1189,25019,0.500380,0.000380,0,2026-07-07T09:22:38
217,400775e870bf4b942d835f7d9342f83a,34bac81b6c5432a343d61ae90336e01a,24950,0.499000,0.001000,0,2026-07-07T09:22:39
218,9a453e4a5367327ed845343b35a6f0ff,a2357b4d931412773deae6e11b050a33,24984,0.499680,0.000320,0,2026-07-07T09:22:40
219,42db3f50eb466b82dbb3448fc3a9d870,0e60eb92f77fbf3b492517067902c983,25013,0.500260,0.000260,0,2026-07-07T09:22:40
220,8875627e2920b86f894b2731d1ca2a20,ec2527daf896e6e290da44d9812b2bfb,24949,0.498980,0.001020,0,2026-07-07T09:22:41
221,36afd43a45c8e27d9a26472e508f75ac,b763bf59a45b4a53325e15dace82ed84,24856,0.497120,0.002880,0,2026-07-07T09:22:41
222,69d6b0500ec12d661730e966d4dd8f53,8de4f94466adc20d9ff78613d73f78d8,25126,0.502520,0.002520,0,2026-07-07T09:22:42
223,2e4c64541456dce465246d47bbf33d95,cce901e9d1e6f9b0f2e198d777caefca,25008,0.500160,0.000160,0,2026-07-07T09:22:43
224,3e0e8c3295e37a84f8b6468cc4494d34,925827919cbd811f604dbc3656ce3451,25092,0.501840,0.001840,0,2026-07-07T09:22:43
225,066831e7f924c60a201a716cffd2900f,4574f342ba85d4520ceff36bc1751fce,25010,0.500200,0.000200,0,2026-07-07T09:22:44
226,534dba1f0687ac8caf78b962df57bfa2,984e585fa2af6b85cb45eba30a80ba4f,25115,0.502300,0.002300,0,2026-07-07T09:22:44
227,700311694ec7d8fba61670e6e94eb14d,4dd21d9ebf064c38f76e9cf2ded3564d,24935,0.498700,0.001300,0,2026-07-07T09:22:45
228,4ea48fddd3a15f9561e15070069540c7,02bec50fe48bb4eb480e1782379e1512,24914,0.498280,0.001720,0,2026-07-07T09:22:46
229,2bc6e824cc6e3afa0f94228440e3f67c,6c40232b1d47d67ca984b312340a0de8,25022,0.500440,0.000440,0,2026-07-07T09:22:46
230,2f5f50e3bff25ae4d8a42b42dfb6f191,48ad831b948c2ff2f74c6645392717ab,24823,0.496460,0.003540,0,2026-07-07T09:22:47
231,15fb78696064a9ac83e9b0e229350330,57005b627818c25b03cffeefdbd0fc48,25051,0.501020,0.001020,0,2026-07-07T09:22:47
232,e4a5b98dfcf7b71c2aa3815a02f9e2b9,ab38648051f429b3cfa28931b0d55feb,24914,0.498280,0.001720,0,2026-07-07T09:22:48
233,63a4d168fda5bbf7639b747ef1416866,6e4a9a505ab922fe7fcf637113fbdc02,24887,0.497740,0.002260,0,2026-07-07T09:22:48
234,6fae0fce478db3f3240fdec8a5cf5d4c,6649fc5c9da1f5273a2fcd278ae11bdf,24950,0.499000,0.001000,0,2026-07-07T09:22:49
235,56772311f6a29efb5679ec31ef391b40,29945e8c10bb26afed8190f30bd9f3bb,24885,0.497700,0.002300,0,2026-07-07T09:22:50
236,249dad9f9d56ed8b757ebaa414d484f0,09b8bf8287a72453df2acdd729b30f84,25061,0.501220,0.001220,0,2026-07-07T09:22:50
237,2cc1ef67aff1674350da347e87ad0ecd,edc0120057495aa674466180fbf5d790,25099,0.501980,0.001980,0,2026-07-07T09:22:51
238,20c63fffa6b2e4e3bf5d8b1e9f2b0919,be7f9d8dfc435ef043e4947cf9b9d888,25063,0.501260,0.001260,0,2026-07-07T09:22:51
239,c33d4cf925c87dbe73ecbb1aec81f1c2,2fb264f0a6b4211ab98787e2176f3db1,25100,0.502000,0.002000,0,2026-07-07T09:22:52
240,ac1b81a805049128adad58973809bafa,0d0b01584351e65c27fde18df79900e5,25041,0.500820,0.000820,0,2026-07-07T09:22:53
241,af6ca9877c4d5cd56cd26dcc506e3cfe,c5f283e41f381d0b91b990fe3a5fec6c,25021,0.500420,0.000420,0,2026-07-07T09:22:53
242,c2aacdb9923695fe0c823812bc5a3382,c9842eafcac926e3c93e64b26d0a37ee,24800,0.496000,0.004000,0,2026-07-07T09:22:54
243,462ceef64d2c6830a426a9e86e4a266a,fc6bb3aece6556a85fb7f21b34fb375a,24924,0.498480,0.001520,0,2026-07-07T09:22:54
244,ebf88367796e38cf6cdd7398be637a9c,4a4948f6733fa682e0af9b9511a32ed3,24900,0.498000,0.002000,0,2026-07-07T09:22:55
245,fd1ddf3fb36fc4bfb6dffa08cacd4932,8b6ae5c36328eb9a0ead6c0d121932f7,24881,0.497620,0.002380,0,2026-07-07T09:22:55
246,b3ca081dbdfba02bf25cebe276b4aa47,b951cb8b8f1019a852efb2bc17022976,24835,0.496700,0.003300,0,2026-07-07T09:22:56
247,c5e9345cc2d1300a32836e8565104f3f,ff3c7eb7391a8b7fbedcc7db8609a2dd,24988,0.499760,0.000240,0,2026-07-07T09:22:56
248,11c34021c57a4d941ade4c1c37402372,0ccf15f4b2b5cf709926c1d441ffec99,24999,0.499980,0.000020,0,2026-07-07T09:22:57
249,6b0ec1502f2194299aec0bd6f9c744cd,7b080ebfe46cee6492030c3b3af83177,25158,0.503160,0.003160,0,2026-07-07T09:22:57
250,4306fe236ee50bc2c7b4dc418771d371,fc2aa966f2479f4c9fc2fdede6a99b2b,25055,0.501100,0.001100,0,2026-07-07T09:22:58
251,bc5885d7377b8210b43a9d849fa00a87,2ec5e2e6b343d5cda02596fceabc06c3,24879,0.497580,0.002420,0,2026-07-07T09:22:58
252,ec2cb99621450ff20899896f7a63c486,4aaf01b66e8dceae8b6168644320a88e,24925,0.498500,0.001500,0,2026-07-07T09:22:59
253,a1adac51527c211387a169662e879525,8f052e367be5b8df531f0390ff8ab4a7,25067,0.501340,0.001340,0,2026-07-07T09:22:59
254,46c008596892b7a3ddfdc5f2f9833ada,c2611bc5bb4d984e64b7849072667969,24917,0.498340,0.001660,0,2026-07-07T09:23:00
255,4589a47525289a9fa39314205dc59687,de7e675cea136cb762173862244910b8,25023,0.500460,0.000460,0,2026-07-07T09:23:01
256,c47e5fd62d70554161ef78f2c04f4e4e,d201e7ce7dcb6d98c012bb15c7e8e965,24992,0.499840,0.000160,0,2026-07-07T09:23:01
257,b4b15d61c1fe527f55c28536aa130bd3,e6cbc49f3a6f1074ac6c2621d95da506,24909,0.498180,0.001820,0,2026-07-07T09:23:02
258,da0df89607efcccad083456b753a8898,80a40aa42c50fc09783c16118346d371,25074,0.501480,0.001480,0,2026-07-07T09:23:02
259,5c9142696f34364c4065f2dfd6ccdad1,3ce7b53e46bff67678e55eec70faeddb,25006,0.500120,0.000120,0,2026-07-07T09:23:03
260,2172f65f428704cf41fe697f256ba132,0e246460ae6771a91a4cd514bdb2efa7,24948,0.498960,0.001040,0,2026-07-07T09:23:03
261,16269f86180a2cd145d38e2063ee7c00,b65b018032ef2adad0f711a97c53aa0d,25132,0.502640,0.002640,0,2026-07-07T09:23:04
262,1fdd45c76ba3d1d1a517e24424294bc3,5cb3f51b3732ea49b1fd565783d978e1,24907,0.498140,0.001860,0,2026-07-07T09:23:05
263,e2c476a5460383c70c4a269604c92c0f,2bb816830d2d92ed773e93343f888d4e,25002,0.500040,0.000040,0,2026-07-07T09:23:05
264,832379a01dbc4b8861a132368ac92007,7ac280b913e6e2eddff076c327a68f45,24986,0.499720,0.000280,0,2026-07-07T09:23:06
265,8eb1fafa14a0e31cd1b410c1ea986ff8,68872786f212ba43f493c51c7496674e,24875,0.497500,0.002500,0,2026-07-07T09:23:06
266,373b873e0a0bdc3bea77a5546907ddd6,9405ff26231c8025453489d5a58830aa,24984,0.499680,0.000320,0,2026-07-07T09:23:07
267,e9238343ce969e84f1db190ca0335c1c,7e1f80ff1754bf3e18502c438a2596f8,24902,0.498040,0.001960,0,2026-07-07T09:23:08
268,6cb153f0aa81d70a1d15e4b4780d89c2,c961492e8e4f4972cbf743abd9fb6aec,25208,0.504160,0.004160,0,2026-07-07T09:23:09
269,697d491fb6cefa14aabe96ee2a5d345c,415474a96adb5d7ad0fcf0e07168add4,25045,0.500900,0.000900,0,2026-07-07T09:23:09
270,13a4750f0804a367017cef2c5dbd0e89,641ec9beaf6c556c6abf92d6f13cf0b7,24991,0.499820,0.000180,0,2026-07-07T09:23:10
271,87eac233c701c42ced98c279e4643a14,d9d6d1adca5bf214cea4f4ae8f3e9aa3,24828,0.496560,0.003440,0,2026-07-07T09:23:11
272,9e9e65f8c40083aac0b09a89672d517a,13c23003f26f4d876b4db5e94faca225,25054,0.501080,0.001080,0,2026-07-07T09:23:11
273,15c549be970490a9cfdb72a077272d0c,5ca2a23ff527eca665c8f5465abecabb,25026,0.500520,0.000520,0,2026-07-07T09:23:12
274,1c52a6f5e72eff55712012c0a4955903,aedfb835a407c5b7747f8c5cb1554eb7,25133,0.502660,0.002660,0,2026-07-07T09:23:12
275,bc146f7c7b3c996556fc50c5b7e22ff6,fdaf82a69a333bd77c5d0489cf94c1d2,25223,0.504460,0.004460,0,2026-07-07T09:23:13
276,20118be215b1b04821ce36b10daf5c10,4d1b0cdf7f1faebbfcd723f4802ccf53,24991,0.499820,0.000180,0,2026-07-07T09:23:13
277,a7bf17e6fd7e2bb1624200c3d1818e71,e21d4f07712b914bee815cadfa065111,24858,0.497160,0.002840,0,2026-07-07T09:23:14
278,d18af83d63d46ddd5fcbc2f6152831c5,ab43022efc910318cbd7b83f8a3cfe9b,24873,0.497460,0.002540,0,2026-07-07T09:23:15
279,d64d2f8b0d6d327d8808d2a3f9ef431e,c5a621b828456804edbd67042e5d7999,25077,0.501540,0.001540,0,2026-07-07T09:23:15
280,d277c0274b9ea3135388cd3be70b49bf,0d9e1d061f0db43a82be2b16f5424c18,24889,0.497780,0.002220,0,2026-07-07T09:23:16
281,cca47192452e97678f8b49ab7447f744,aa07c89a63090fe9324cdc73b7531937,25020,0.500400,0.000400,0,2026-07-07T09:23:16
282,adccbb547f912a64d866e18aa5841458,d723c6a5b3c8cca59c7cb77cfac7ca42,24981,0.499620,0.000380,0,2026-07-07T09:23:17
283,fdebe4341090dfbc36d5beef99d909b2,d7b23d9b6b062cda7b6bdf3e49ee8003,24927,0.498540,0.001460,0,2026-07-07T09:23:17
284,3027f9040af66c25185d1d87617eea6f,19d3c37ddbcf5f7af6118b27165d78af,24846,0.496920,0.003080,0,2026-07-07T09:23:18
285,db1f378c665c9745bc142e1fa861279a,a8d757c4abafc574d4279d306fd4c78a,25027,0.500540,0.000540,0,2026-07-07T09:23:19
286,e5e185902ec321fd9620dd4c54457ee0,959b2643c77de984c2a480d5f536c774,25101,0.502020,0.002020,0,2026-07-07T09:23:19
287,445d744ee79e7f696831ce2afe95875a,2dbadcbcaf4c17b295f4218127cb0dcd,25214,0.504280,0.004280,0,2026-07-07T09:23:20
288,41ec723e0a8223cff0e96b67a89e2cba,0a09355fac95dbe7c276ab89d39d41a1,25035,0.500700,0.000700,0,2026-07-07T09:23:20
289,2ee924913363ec4d0420709adf2557a2,40d8f588a9c05a9b87d2463b4ecb5947,25080,0.501600,0.001600,0,2026-07-07T09:23:21
290,3f0069826528f2d1671e3bec27f79e08,303d16f22d656d3da9ac3dd7c95ed6d6,24928,0.498560,0.001440,0,2026-07-07T09:23:21
291,f0da5d705578863821928d2ed71be44d,0c1b1d4455bd007ae81d312754fd38a6,25034,0.500680,0.000680,0,2026-07-07T09:23:22
292,3486f6a7365ba9f840397bd121e7d7ee,51017a9bf2199c499c1d7ee7c02cbadd,25073,0.501460,0.001460,0,2026-07-07T09:23:23
293,9eef11cfd0276aab90056b4f902f5506,e43526e2d55c9b57ed8400d9e5bce939,24960,0.499200,0.000800,0,2026-07-07T09:23:23
294,2035067865d02276b7fbcebddad09683,0e04101163b30586a96668f7589ef46c,24961,0.499220,0.000780,0,2026-07-07T09:23:24
295,5a46bab6f2f8cdab9a2c65726be9a212,cf11b866c01c3b42472319334523d421,24943,0.498860,0.001140,0,2026-07-07T09:23:24
296,6b027df4391ac4fe68e8a6254f20d3ad,e05d4a1787bd847df650224cc3a99d78,25216,0.504320,0.004320,0,2026-07-07T09:23:25
297,48d9c63d854b93d5661b88d3391a27f2,43496881c080586be9eb6e828234462e,25064,0.501280,0.001280,0,2026-07-07T09:23:26
298,10ad95bc7b6a97b1bb012e726fa19caf,62a418992a48972ca04b7f31d5e3bcfb,24907,0.498140,0.001860,0,2026-07-07T09:23:26
299,9e83a6f0602b4d2fe1c94bc9d0f3b4ca,9ec254572db56f5982b195c042019c04,24893,0.497860,0.002140,0,2026-07-07T09:23:27
300,d23154c06f715b96c2571083ae2153a5,1e1da081d7e9f21dc79740025187f263,24859,0.497180,0.002820,0,2026-07-07T09:23:27
301,2edec06759ff7c3ce0d9c55b5e4b5f99,2a8324c2411cde5ca439ab04bb24cbd9,24939,0.498780,0.001220,0,2026-07-07T09:23:28
302,9e8af3ea104081e557285bf3558e006f,78bfa241a4ddd0126621960787dae575,24930,0.498600,0.001400,0,2026-07-07T09:23:29
303,ca09621a503246a79ca7aa5eafde960d,8bd209c1a25fbcc15074667fe0841246,24785,0.495700,0.004300,0,2026-07-07T09:23:29
304,0709a18af971a296492ab91e97cc38b0,b21e877e25008e63e190f610f6f6ccdc,24925,0.498500,0.001500,0,2026-07-07T09:23:30
305,19c267bd999442064a1ed31b4e832df3,43fdf1265b3e4f20dbfc2ee23230c0e1,24995,0.499900,0.000100,0,2026-07-07T09:23:30
306,ec96d6538760066047dad700682c0180,c83ff7bd6c0b6bd62957ee9b48fd65cd,24962,0.499240,0.000760,0,2026-07-07T09:23:31
307,49ce2900f0823f2df55dd2f488f312b5,ebb8221a560bebb3ecde560dc1792097,24962,0.499240,0.000760,0,2026-07-07T09:23:31
308,1573bf6b5f87002af7bf251a35887d11,36ca96eec3410ed8837b924d2c354710,24899,0.497980,0.002020,0,2026-07-07T09:23:32
309,223e58d771e77f893b4d7ee5dc1451c9,d11a31f7fd4eb35768938088309fda49,25036,0.500720,0.000720,0,2026-07-07T09:23:32
310,f92f9931f9a479505cd57db6a9c12e28,6f10a8a57a0683cac44d9f6b0937efe4,25113,0.502260,0.002260,0,2026-07-07T09:23:33
311,b8bacb24b4902d0e1df6b93300df67e9,75fcd4dedcc4eab12cbee74ae932fd99,25148,0.502960,0.002960,0,2026-07-07T09:23:33
312,2221937d5f68066c1e31d6434b5677f4,01d7692ff1c8dabeecf8c9296a091b45,24905,0.498100,0.001900,0,2026-07-07T09:23:34
313,6d1b9d241d8171d79b2fe3971650c5fe,dc2b740f2737edc00bd440727f62a7fa,25051,0.501020,0.001020,0,2026-07-07T09:23:35
314,8da19f62979d1575cb9b563495a464be,3a2a5779c505818c099b9baa9d1de379,25009,0.500180,0.000180,0,2026-07-07T09:23:35
315,b1445e1c31d87c29b88f11ef859d7d0b,5fff762cd4f8462fe5428a514accf86c,24928,0.498560,0.001440,0,2026-07-07T09:23:36
316,bbc427b571ed7682e8a46c8ae330f424,b1674fb33b83265f382334bdd505e528,25057,0.501140,0.001140,0,2026-07-07T09:23:36
317,0afa27ffe3943b7415eec2d9baa799fc,cf3f999679b1b2c1981a787d510a4dd2,25058,0.501160,0.001160,0,2026-07-07T09:23:37
318,478d8ffd7c57c16f7e359a8fbc881b33,d42f0c65c881d5118b226a5e25121158,25121,0.502420,0.002420,0,2026-07-07T09:23:37
319,91f84a8231815b5a7388da1d96229c59,809d1915a53a4bc43e834be7317ffa1f,24907,0.498140,0.001860,0,2026-07-07T09:23:38
320,98f508148e6b1f22f9b7ae411d6b8a82,75f18bac4719cedddc4ade254aac8f7b,24653,0.493060,0.006940,1,2026-07-07T09:23:39
321,abe738c866ae1cda8c70980e7a0a1e6e,f66e2d4bf9c7acaf41d87bec133766c9,25063,0.501260,0.001260,0,2026-07-07T09:23:39
322,b58eb0eb6bcb8edc9cca76e67fd4ee91,b762e30b8d8d990eaade5e65c11971ea,24997,0.499940,0.000060,0,2026-07-07T09:23:40
323,4af61bb2eccb33745a980e4ba7b185c2,9f411aec07e5ddf4a34dd1be8034dd87,24924,0.498480,0.001520,0,2026-07-07T09:23:40
324,1725624fd6739abc68c6f8e1209452be,fed2f4396f88fbba28a26b0df443f7a3,25033,0.500660,0.000660,0,2026-07-07T09:23:41
325,e940042a3d8e407a06a6f1bdad1bb596,ade86f6fc69f8aa0d8078f3abb987e7a,24796,0.495920,0.004080,0,2026-07-07T09:23:42
326,516989d7e52dfaee775d815b503b4c79,4e070d53fd9552692e9609553fd12b77,24996,0.499920,0.000080,0,2026-07-07T09:23:42
327,65a039feaaac9c1052c47d61a12c0f14,91228c4557be873d08ce403bb71d9346,24989,0.499780,0.000220,0,2026-07-07T09:23:43
328,dbd8fb7635091986a22260477a9085ba,2b2eb035b787396a0a09fe13c6b28894,25050,0.501000,0.001000,0,2026-07-07T09:23:43
329,1dcab9932718926016e222e5b46e0285,6cf7479aa6c46d7b003afe6f18f7d579,24860,0.497200,0.002800,0,2026-07-07T09:23:44
330,bb161536b779da8b398b0dafd2a6f5b0,f0d18451df2d3345a40e05956a1bbf66,25023,0.500460,0.000460,0,2026-07-07T09:23:45
331,180085b544c38f7c42704ea4c01ea1f2,77bb48d1bdaab4c2cbe4838c80c32fff,24916,0.498320,0.001680,0,2026-07-07T09:23:45
332,343c9afbab80e03e21ecc3f12d8e43b2,2d9e1d2bad22510cf27ebbc460e9771e,25224,0.504480,0.004480,1,2026-07-07T09:23:46
333,a8244169dabc24271be600dc3d4eaada,3b565046600e032ddd3ffcb20b229f57,24975,0.499500,0.000500,0,2026-07-07T09:23:46
334,0c7a9f7830eadb6bfef2633c35732c96,f48b90d6d4752623e69c5b6f6f751d0a,25128,0.502560,0.002560,0,2026-07-07T09:23:47
335,5ebe5abeed159e4bbf968e15b6641747,608cf0caa4190d1c01262a77df933cd8,25157,0.503140,0.003140,0,2026-07-07T09:23:48
336,f09db4a210d9499651e7751121fa65d3,bed6a6eba2b867409f55c5add1fdbd01,24938,0.498760,0.001240,0,2026-07-07T09:23:48
337,4a730bfc70c95e69314e6fdc7e477505,1ee3221565f184f06b702fd4dc99b170,25002,0.500040,0.000040,0,2026-07-07T09:23:49
338,a514fdf39f92777a102a65507c24b2cb,9482dd14e26f0eac36c76ffcca19222a,25017,0.500340,0.000340,0,2026-07-07T09:23:49
339,7ef25b8e2961e6ad4e8a47b578db1b4e,b725726f32ebc16398f525693285beb0,24891,0.497820,0.002180,0,2026-07-07T09:23:50
340,91938f223458d4ec6d7f83b23716592f,ba650ec26e80b9b73ee7646d0309881d,24968,0.499360,0.000640,0,2026-07-07T09:23:51
341,352c76c3cdd80f2d77ac95ba0f95a632,b56ee807e6a33eff6c65fed3ac44480d,24982,0.499640,0.000360,0,2026-07-07T09:23:51
342,8ee5e89b21ce7a9774a007d366420c7d,6e036684373d8ea81f9edba0b02c247d,25106,0.502120,0.002120,0,2026-07-07T09:23:52
343,00fc02039cf770151df766a7385dbe54,ab568dd8fad810d5e07a3bd87a1722ec,25101,0.502020,0.002020,0,2026-07-07T09:23:52
344,06843f94f4c9415d1501939f94815d43,03dd0346301354a0a9e2a2a2311ecae9,24997,0.499940,0.000060,0,2026-07-07T09:23:53
345,7f14a04a1b71a01b384c4f6ec1a568a5,8f90a42bd0f920717e841842e69da829,24971,0.499420,0.000580,0,2026-07-07T09:23:54
346,54a26940ecae12de4401c0ccbb1ef2f7,2691d8bae49fc928e22039ffd66648d6,24838,0.496760,0.003240,0,2026-07-07T09:23:54
347,8fd226b06a7a3c7a4234b56b2e02d1bd,a99cd2d283e2755af8b1b8e0c92118a6,25075,0.501500,0.001500,0,2026-07-07T09:23:55
348,679618789fd7944ac4677e34b05e0f60,7cc8c5cba75cade16cbf834280e389b0,25120,0.502400,0.002400,0,2026-07-07T09:23:55
349,77da7202a83fce0f5e88ff2a5161b428,3fbacb79a118af246872bd964dcae593,25058,0.501160,0.001160,0,2026-07-07T09:23:56
350,c7bb2d72e143dbe1a067d840eb21ad2f,f18362a0273153de0aa8baa1ac6acf49,24979,0.499580,0.000420,0,2026-07-07T09:23:57
351,0e588f17784394bef1424dbea4f2b1fb,270fa740310fab3dbb79f1fe8792488d,25165,0.503300,0.003300,0,2026-07-07T09:23:57
352,d43da89d6fe60c946df9793e26d9538f,edb6171b66c2a9010230f786dc6a4e76,24956,0.499120,0.000880,0,2026-07-07T09:23:58
353,45c7a94ff0761044477449c8ba1e665f,41a33f668231f0d1e910a7dd5dce809d,25004,0.500080,0.000080,0,2026-07-07T09:23:58
354,ed5dd01d40f4eca25a6f2cf23515f769,5a6095896134a72b4e5015c20ae68f52,24937,0.498740,0.001260,0,2026-07-07T09:23:59
355,43a66d555ef409ce7f61f508b8cac514,05f82bdda1b0b461f559add2c1aa132c,25089,0.501780,0.001780,0,2026-07-07T09:23:59
356,c25da5cff96a78879b0a8a37a63726d7,599ad2f83c7b66a56a7f61a0acb54a3b,25099,0.501980,0.001980,0,2026-07-07T09:24:00
357,36d47778124d84e85945042845e7fb22,582402a5d9b95ebbfeca0a0f8b9f40a5,24917,0.498340,0.001660,0,2026-07-07T09:24:00
358,1bd0064702b2d15ca8b8f0c1f9d8d285,679e8872bd2a9613cf78e1c53ffaf511,25146,0.502920,0.002920,0,2026-07-07T09:24:01
359,f5d2d9948f73a2665b375cd68b8f616f,8a6a1df6357972e848146ad01a522ed4,24970,0.499400,0.000600,0,2026-07-07T09:24:02
360,29e5cd996b93a51af38b18f3e88243eb,9f3720819c78160068b46c188ca608b8,24993,0.499860,0.000140,0,2026-07-07T09:24:02
361,70b2989306a35382081a5963ca27d5c8,fcce3dad413a7b3d5872c5bb96e195b0,25127,0.502540,0.002540,0,2026-07-07T09:24:03
362,8cfbabaee82d905b91b44b4d18faa62a,1d68c992d483f0c0506f875cb610d4d6,24909,0.498180,0.001820,0,2026-07-07T09:24:03
363,b2065531eb63a6da9770738e73ca28ff,60a297fe88e29d43cbb334e01f6ab04f,24982,0.499640,0.000360,0,2026-07-07T09:24:04
364,d4e9ab47e75c6f5d2fdc66d32e4b6279,a377989a123016dc679786053026dc12,25143,0.502860,0.002860,0,2026-07-07T09:24:05
365,a775b1f21cfff33b588807e518203398,39503934421cd95c24209be9b7eadfeb,25104,0.502080,0.002080,0,2026-07-07T09:24:05
366,86d72c5ab5b8f487fe124e95ee3403fa,6f8acf5cde3b148c876874896bb43d6a,25021,0.500420,0.000420,0,2026-07-07T09:24:06
367,4ec7d891cf9e57a9324647f12a91a5e5,25e9bf43f666224eca811f6c1be01045,24873,0.497460,0.002540,0,2026-07-07T09:24:06
368,09ced2bbde06acd819ee1944f9897df0,ead93f90ba36ed408e7104999b9a8da1,24954,0.499080,0.000920,0,2026-07-07T09:24:07
369,3e0b0f779120f20d8ffadd6196e731f4,d7aba85488e302a14b9b8fe70b1b7e1b,24897,0.497940,0.002060,0,2026-07-07T09:24:07
370,3c3aea4930e344b204c528d236ff7fde,61c94c2a1d501f29683feca1f24b29c1,24879,0.497580,0.002420,0,2026-07-07T09:24:08
371,2abfd8c6069466c518f6f02146280553,91b0af36823179364a593139c7581424,24916,0.498320,0.001680,0,2026-07-07T09:24:09
372,94b621e75551a657e3da8c8362b863b8,f8fac1435b17d1d6780eb4d1f18174b4,25041,0.500820,0.000820,0,2026-07-07T09:24:09
373,94f52cc19c2b044993ddff7c283ca3eb,418c6ec535f8f3a5ba3526c7016fe781,25064,0.501280,0.001280,0,2026-07-07T09:24:10
374,28edb5218b806e6089d8c514247dd360,e532bfddc862d4f97f266b82d0671151,24895,0.497900,0.002100,0,2026-07-07T09:24:10
375,aa1c99c853b9be1e35f9aa729ffd1a5b,c258800cc089e2f9326f630f759d3566,24970,0.499400,0.000600,0,2026-07-07T09:24:11
376,b939a1f397d981c05c3bd2d4f5516039,a39bf0f06618baaccaf922794d2403a5,24946,0.498920,0.001080,0,2026-07-07T09:24:11
377,0d428545ada0924666447869288cb3d0,81c33e61026a8611dc07e3097207adb8,25078,0.501560,0.001560,0,2026-07-07T09:24:12
378,c272ed38aee52676593e2e918c8e2658,360613c8bf48a5c4eb6026781cea8384,25052,0.501040,0.001040,0,2026-07-07T09:24:13
379,1a3a1c945f8c452c8a9d1a17f3ed381a,340024964908d1f7e338bc7444575f0d,24920,0.498400,0.001600,0,2026-07-07T09:24:13
380,da32d68540dc6509cb94600efdcbbf39,f4ff0d30b73a7c6a68dd29b444171165,25032,0.500640,0.000640,0,2026-07-07T09:24:14
381,faf9d85883bc060c2ef044250b9c94c1,4a5dba20affe1a94761478b49e87d08f,24895,0.497900,0.002100,0,2026-07-07T09:24:14
382,780c6105cccf425d02e177b84d9c0e3c,199d9d4099c70e3ca46d022ce8550a04,24949,0.498980,0.001020,0,2026-07-07T09:24:15
383,71b396b0dd9a11bec6fd34d535f838aa,756c2387829b4562a86da113d040df42,24942,0.498840,0.001160,0,2026-07-07T09:24:15
384,e744edb2eba7dca6332faa1448c8e369,1bc98e909681df23701ca60b7df4d871,25029,0.500580,0.000580,0,2026-07-07T09:24:16
385,d5f26a499d9b39ea229060ade6947b42,76d71db3758e7cea18969a0cec3b84a0,24906,0.498120,0.001880,0,2026-07-07T09:24:17
386,8e5b0394300bbf80fca8bbd197eb7e06,5ff58bec888b12394493686074976b2e,25006,0.500120,0.000120,0,2026-07-07T09:24:17
387,b530b79fb4a6fb516f96c29357115ff5,ac602d793eee0f8dd1cf8103e7510e7a,25260,0.505200,0.005200,1,2026-07-07T09:24:18
388,760ced8bcf16d23283ec17c29d03f73c,a5716175bf6df6cdf96b27616487b6f8,25167,0.503340,0.003340,0,2026-07-07T09:24:18
389,f39bcd2e39740afdd99619f7d05cd38c,2dcdf2d668a7e4157308b575314f8ee7,24877,0.497540,0.002460,0,2026-07-07T09:24:19
390,24b90d0da6ee0f9968e2567910b833c7,2dcbe14f80bd582de0fb071cb4f3df3a,24966,0.499320,0.000680,0,2026-07-07T09:24:20
391,c32370979c0a23ba2765f2e3935ba1c4,ef2a3f09a3e5fff5d36256c333aa549e,24952,0.499040,0.000960,0,2026-07-07T09:24:20
392,4ab5ae163369e50cb736120d23e60ec5,d484ce92756f8bab0a44ecd2ac07c853,24947,0.498940,0.001060,0,2026-07-07T09:24:21
393,50fe5b878d74820920d6559f10df935b,994667e20133e7b775f123ad16960d0b,25065,0.501300,0.001300,0,2026-07-07T09:24:21
394,33c0d8d242c401423a2818ac19b933c0,60eb0ddda249a1783cdaff0919516afe,24987,0.499740,0.000260,0,2026-07-07T09:24:22
395,23775c4eb66f1216f47e1fc5fa0b46fe,8a81d928c97ae07f3778d76344f5250d,24946,0.498920,0.001080,0,2026-07-07T09:24:23
396,8ad55f0a0c064cdee640c27f15d69a7f,59f694c7d2579c5e16c5409567a23991,25077,0.501540,0.001540,0,2026-07-07T09:24:23
397,9f1f3fa9083745c4435c4a19e6ddb8ce,2dc954e8eeecb863f93a776561534340,25074,0.501480,0.001480,0,2026-07-07T09:24:24
398,49f189fa6b5134ed6174406db0a23f5f,921b131877ec4d69defc592422a07fac,25055,0.501100,0.001100,0,2026-07-07T09:24:24
399,ad99d3fb409a9040442479e387002802,baa1ab08a8fb02050692f559c68af7af,25047,0.500940,0.000940,0,2026-07-07T09:24:25
400,1de2e3626abcedff4afdd5265f296f01,f8e34cd117dc0f5c3e4aa53a4bc64cbe,24925,0.498500,0.001500,0,2026-07-07T09:24:25
401,c24bc8a915315f4faecc7069b6890277,bffbfd47ef886e7df3207773d95f020b,25045,0.500900,0.000900,0,2026-07-07T09:24:26
402,62691233ea5da0a9318f02d5568abb50,ec42b7a6b46c0fd14eafa977dd8c3bca,25059,0.501180,0.001180,0,2026-07-07T09:24:26
403,0f3a23577a85832864b53cff4ac20134,639af282b0b3bc2d641cbfe8a8aca520,25019,0.500380,0.000380,0,2026-07-07T09:24:27
404,7ead369d02f2c4451698d3c242e6f5ff,190247bcd1ba851c5088fccc01cdebed,25051,0.501020,0.001020,0,2026-07-07T09:24:28
405,2ecebca49702e45542c52d1c00f41e21,67ad9f29528f53110a465cb1d0646608,25010,0.500200,0.000200,0,2026-07-07T09:24:28
406,38f6e23d680508545b6f246a7f5dd424,fc2d0801c67689a0a0dc0ce26c8a2ec3,24882,0.497640,0.002360,0,2026-07-07T09:24:29
407,f755e43606907ecb4d091f7d9dbd7d9e,a83b4e001ac87380473b025c726aacf5,24977,0.499540,0.000460,0,2026-07-07T09:24:29
408,c290622b17d352eb72a41745d1f48fae,5c32fe2f6d5b31db0cb519bf55eed41d,24917,0.498340,0.001660,0,2026-07-07T09:24:30
409,5517d7f88866961e5346573581f59823,3fc3e0fad4bb971f4c1ea9717a3ff9a9,24695,0.493900,0.006100,1,2026-07-07T09:24:30
410,90915f4da79a105a194c0dc70a587016,f00c76473f1b0de566423a7608a0af8d,24910,0.498200,0.001800,0,2026-07-07T09:24:31
411,9d83ff661787cb9e85aee3af7a9bfa9b,94e2a3059f299612b97f68f16d464a8e,24980,0.499600,0.000400,0,2026-07-07T09:24:31
412,7b8abaf21d3718faa3d0a71e9ac1b1c4,c1774714c803ac64a47a976f364c9f60,24975,0.499500,0.000500,0,2026-07-07T09:24:32
413,9941b38108858b6d7001c65242f4eebe,1df2491c8e34a32221aba7f7b14ef06e,24986,0.499720,0.000280,0,2026-07-07T09:24:32
414,ef5eb6640564edb8029533a2f7f46e1a,e15ba80253de4f1c243c044107f8e3e7,24858,0.497160,0.002840,0,2026-07-07T09:24:33
415,b6f7e94233cecbd57019ee5fe344530a,4c3a675ba81ec2ba0cd568db6ab9532f,24939,0.498780,0.001220,0,2026-07-07T09:24:33
416,c8af3dea762bc994affbf58c81de4816,2a7c245fd1f0d1314f7552f9d4e45e83,25027,0.500540,0.000540,0,2026-07-07T09:24:34
417,6860c0b7e0ec130cd9808877f550d351,cfb64e34e7f7670ed318d36d8a900247,25143,0.502860,0.002860,0,2026-07-07T09:24:34
418,143a479d11eb9357d9ff1d3f98499f49,b21f97cc473aa5dbd00c1a5706e65e69,25023,0.500460,0.000460,0,2026-07-07T09:24:35
419,7fe4266344eaa918590250b593620e6e,ff7078d407a6f48d5d122ddbbd327b77,25167,0.503340,0.003340,0,2026-07-07T09:24:35
420,29cdcaf59fe55f9aeb87a7b3d2616c55,ddc6223c9464a7da8443e3f9bb2e5f4c,25023,0.500460,0.000460,0,2026-07-07T09:24:36
421,60b4ea1b89161566af2b064935cd55b5,9913a5a5d03819a04f8977c7359d785f,25120,0.502400,0.002400,0,2026-07-07T09:24:36
422,fc09ef14eb380fecd15e44e34e91e9dd,1046c96887fe487a7b8f161f903452a3,25098,0.501960,0.001960,0,2026-07-07T09:24:37
423,c4e0605c34143a9804fce27cfeb26e9b,3cef7a85a1248369e6690b1853adb02f,24929,0.498580,0.001420,0,2026-07-07T09:24:38
424,3177bce174c750312183bbb01765fbb5,aec53900829c6dbdb555cf95b4abb806,25011,0.500220,0.000220,0,2026-07-07T09:24:38
425,87059ac1de33c88f98467ebea069870c,a5fad4f608441cb0bdece1a51be4d92b,24996,0.499920,0.000080,0,2026-07-07T09:24:39
426,01b36d96eb925ee346d0756d4ab98e37,b4643d473143b299828705de0ebaee6f,25037,0.500740,0.000740,0,2026-07-07T09:24:39
427,69ab0ef575ab29ad30b95be8423a0df7,c71335cb257940dde059d9a5feeb8c11,25054,0.501080,0.001080,0,2026-07-07T09:24:40
428,4e8e05f07422819710eaa31aebb6d208,7d179ba09b1521a3a545b76237104912,25055,0.501100,0.001100,0,2026-07-07T09:24:40
429,bbba14b2e97d2701e4e3b446a2ab13bf,ba3bac70a8ff3a5c5d28ecdcb1c013d9,25129,0.502580,0.002580,0,2026-07-07T09:24:41
430,298a52c4924c2b760d52dfd134595c7a,7b4cf857c693c89445b2f774456d6b22,24919,0.498380,0.001620,0,2026-07-07T09:24:41
431,e9d2484f5b24814987afbefa015e0049,43b229ba2753c12e2ca19b329403f0f4,25132,0.502640,0.002640,0,2026-07-07T09:24:42
432,9629d6ddf22a4f4677d8c87871caad07,c474df0e97ece4a13216fa57a20ff3bc,25072,0.501440,0.001440,0,2026-07-07T09:24:42
433,32140fbd09636e3fb78d989e1ad0c68e,9e85f008a112a9bab4ecf597d221ab21,24937,0.498740,0.001260,0,2026-07-07T09:24:43
434,db89ca71c7c3e20aab586e7ecc4c31c6,dd122027047664bd984268345ab604e7,24975,0.499500,0.000500,0,2026-07-07T09:24:43
435,aaa115991563d84ad47f1558b04802da,3f4bb910423536d34d4485f44a426f2a,25071,0.501420,0.001420,0,2026-07-07T09:24:44
436,bae2bca37682d1e439077707214aee2d,a3411b7a136b95e5d5cb77cee4c44705,24930,0.498600,0.001400,0,2026-07-07T09:24:45
437,53c47407bb2a2516af8f7020c202acff,3848ecc154130c9d22bf9fce0b5e0055,24903,0.498060,0.001940,0,2026-07-07T09:24:45
438,7bb09c944cd46685b203e0b19705db5e,89beacc81d03752dc9283bb03242385f,24933,0.498660,0.001340,0,2026-07-07T09:24:46
439,1253ce723ff560b9250be121412fe390,aa4725fce78d5b4d11925845dbddbf4a,24911,0.498220,0.001780,0,2026-07-07T09:24:46
440,a8249bda9b5e4d7ed1d4785ed237af96,eefb6c3fc15f424aa437d657f2b4ccf5,25220,0.504400,0.004400,0,2026-07-07T09:24:47
441,e955de501c797814b602a236b1d4b3d9,2855d89d9744344ca842faa55addbf84,25065,0.501300,0.001300,0,2026-07-07T09:24:47
442,3fa769c9562d671b675f96526df32ca9,8f1f35256af2e69e35c99c16bb26ad74,24889,0.497780,0.002220,0,2026-07-07T09:24:48
443,1227d65b9e25d6e88c606f842e880dc9,106a8d514d1c43f23abd84d1f368c871,25125,0.502500,0.002500,0,2026-07-07T09:24:48
444,71b6ceed71847c8a7a52bb9c6af7fb5a,7f6f02a538f80ea425dd011c7700a63b,24954,0.499080,0.000920,0,2026-07-07T09:24:49
445,b7753ae2498e1df22d1bba3dc153b1b2,52d5283e3472a42c15b740c0e1f965cd,24902,0.498040,0.001960,0,2026-07-07T09:24:49
446,4b3bbd11d696f894d9dd7cd2c484a312,cf4f8ec25a1be631504d42042ebbe804,24947,0.498940,0.001060,0,2026-07-07T09:24:50
447,c834cf4723c1df343341dbd74ca1b8a9,b48af5ad612316ac1737d10b56b8d590,25045,0.500900,0.000900,0,2026-07-07T09:24:50
448,1db692fc4ce4d8f461a2a682410efd92,b7db1cf28ccce77b6c72422ea54be457,24899,0.497980,0.002020,0,2026-07-07T09:24:51
449,948f31a67b44bd675963e1a3be2c011d,7906ce1ed91e00015560225b3fb1d43b,25112,0.502240,0.002240,0,2026-07-07T09:24:51
450,aa8095c27617a53b70bb949a8de85546,24c845b28b50e2680cf0449fdb73605a,24953,0.499060,0.000940,0,2026-07-07T09:24:52
451,110cea783c30177c1d07b4ac493bae54,538da134a1acbc0a371088210c59c26d,24898,0.497960,0.002040,0,2026-07-07T09:24:53
452,b6870bee8b9b7f1546a5d262e3d816a9,9a82afa261bf6b0cff64d6b95654adc6,25118,0.502360,0.002360,0,2026-07-07T09:24:53
453,215575fa098de0aaa75d00d0cf81c483,bb7de55e2e012899b390ad97738c945e,24944,0.498880,0.001120,0,2026-07-07T09:24:54
454,20fe917a3c4f9b7518dd56a0bba3a5c9,817681fee7280bb1400aafaa0f6e3ba0,24935,0.498700,0.001300,0,2026-07-07T09:24:54
455,ae2f79e029606a2fa1a6c12a2f05426a,1eba0fb1cded9de5711fa041a861660a,25075,0.501500,0.001500,0,2026-07-07T09:24:55
456,66779821f89618ed2803c8cedb767238,8307e016cea740ee603248aff281bd62,24903,0.498060,0.001940,0,2026-07-07T09:24:55
457,8c421008e3acfeb3304f7d29e1ebb230,8afdde561cb93afa9d30224bfae62522,24962,0.499240,0.000760,0,2026-07-07T09:24:56
458,f742630e4a9037f7ea485e7d094c8308,187305aaccc5e3d6aa8bab862862a6af,24966,0.499320,0.000680,0,2026-07-07T09:24:56
459,c5b4e967e6f715f1853d339b13d4637a,cab7b16eb33f48895efd6794d90e32e7,24975,0.499500,0.000500,0,2026-07-07T09:24:57
460,ea0749177a98216d51a92536678697cf,cdc8ce2ef7c2acafb03b9ac588d48db4,24957,0.499140,0.000860,0,2026-07-07T09:24:58
461,2c1731e59dbf7025d5077c65fdb6d33b,52772aff996fa581096d25979308f5f7,25029,0.500580,0.000580,0,2026-07-07T09:24:58
462,85b959f52c9a99398a769f953e2e59f5,be3ffc083dcbb65a2f2f54d67a10f307,25033,0.500660,0.000660,0,2026-07-07T09:24:59
463,f648c8ced4c65c4c3d73014117543f3d,7b0cbace1d385c9a4cdc480e303f7ec7,24877,0.497540,0.002460,0,2026-07-07T09:24:59
464,46f82268f2acda7a69bb01483dc55972,3af57fdd99aa4a491df6998f1d338578,25014,0.500280,0.000280,0,2026-07-07T09:25:00
465,a63282754418adf925a2d8f8911b289d,476da6d614369efa9b92f65d3fbdff5f,25187,0.503740,0.003740,0,2026-07-07T09:25:00
466,04e70cd52e7d001b11c3c0b43b59fd33,cafa0abdb7cdf52d49eb2064fe849890,25024,0.500480,0.000480,0,2026-07-07T09:25:01
467,4b94b13bfa0a2ae2833aa37acc7b775b,b184e3205a8a362c31f3cb575210c1d5,25091,0.501820,0.001820,0,2026-07-07T09:25:01
468,2432bc8964acf3dec5377d6dd6f8b6fb,b7112df0d4d64773daee53ed3daeb77e,24984,0.499680,0.000320,0,2026-07-07T09:25:02
469,5daec0da6f09248349e1f06ae7bb0966,f9343157b882717511d06da75e35123c,24935,0.498700,0.001300,0,2026-07-07T09:25:02
470,c55e416eb4006696baaae3e51eb248ec,fe69a6bd821c81d10cfbcce0fd3ae236,24943,0.498860,0.001140,0,2026-07-07T09:25:03
471,95105d7c381761eec26cce78dea08f46,c8a2b4b562e6fab4d8c027befae3382b,25036,0.500720,0.000720,0,2026-07-07T09:25:03
472,ac24eede891c7d2d17bd351e5d5129d4,4373709fe693eedce2c3d63056309b89,25278,0.505560,0.005560,1,2026-07-07T09:25:04
473,583620924b5540f144ebbe372177f0b5,a42b834c767d5d8cf639900deaa7db23,25101,0.502020,0.002020,0,2026-07-07T09:25:05
474,6093d4f6586d24914b16072e6ef358e4,09650da9a1d1452c8687b18472eaa873,25072,0.501440,0.001440,0,2026-07-07T09:25:05
475,ee248aabfec8c382f47dd035f317f8a3,6bb42ee232e248dcfdcd61816dfcaf83,25104,0.502080,0.002080,0,2026-07-07T09:25:06
476,e5412afed6f8fbc5fc1a2c54b1ffcf07,740384cff336a8c29621812e8fac1083,25086,0.501720,0.001720,0,2026-07-07T09:25:06
477,db1232ad34d2b939698dcfd9bde5a632,ede46650cc485a4a63721f21cce035c3,25026,0.500520,0.000520,0,2026-07-07T09:25:07
478,caecd59aa30201a90ef72b9409abacab,978d7a7ec74618dae11d3997dacc9e5f,25087,0.501740,0.001740,0,2026-07-07T09:25:07
479,7be006c9cb74b14c8844e992480e3330,c2d84140eaefcea73ddd2588ca2f9767,25012,0.500240,0.000240,0,2026-07-07T09:25:08
480,18330038e3ef45e9c200a10e00977ff4,b1ca189befc24d82dc576fd3b50b6b11,24860,0.497200,0.002800,0,2026-07-07T09:25:08
481,05f75eb6d4325ddb3b0c668567939592,812f2ac2e79abd3c2acb613978bea2b3,25001,0.500020,0.000020,0,2026-07-07T09:25:09
482,9c1d6e42b0cc03f81fe3f522bbf2fc46,2ef36444d8e59e887ab002dbea0769e3,24822,0.496440,0.003560,0,2026-07-07T09:25:09
483,132040e6004c03a4608bc3c096c63510,4a38099e85e5f4a7e980219367b72953,25213,0.504260,0.004260,0,2026-07-07T09:25:10
484,5e19550e500b6cafd038013e9dae173e,544e24b00c246d166ef015f9f77007a0,25143,0.502860,0.002860,0,2026-07-07T09:25:11
485,d7e149161f2b44b0ba040084234f73ac,9f5b288f19605a1766794496c6570c03,25052,0.501040,0.001040,0,2026-07-07T09:25:11
486,88c835c9fcb3153b9159cba46c73654e,3c460161ad220b6e142dcb6f6fbd48fa,25147,0.502940,0.002940,0,2026-07-07T09:25:12
487,fe2a15e08dd1089abc3de119cfda22d1,3ef60ae79755b7b4f960c4bd3845e299,24901,0.498020,0.001980,0,2026-07-07T09:25:12
488,e18f98c32b73ec56a12040900df81851,3ae63a9783a9885bf6b25090ba1f1203,24971,0.499420,0.000580,0,2026-07-07T09:25:13
489,1784d3f5d887c6f0adf75104cc98d525,b007e926ac6785316935c89fb0cb4ee4,24950,0.499000,0.001000,0,2026-07-07T09:25:13
490,f242085256e0f829ee99319169dd3d2a,a4035d77ff8632163f55945d02a450df,25022,0.500440,0.000440,0,2026-07-07T09:25:14
491,ce8d58ed1103d8fa03e056898a254041,ae8d69f6837c0a23f4ab16188158e02d,25120,0.502400,0.002400,0,2026-07-07T09:25:14
492,9f1ff52ec64b075fdbbf6b8afbfeb60d,0f8eaf7b36e9bbc5f9aed1e49e3a33b5,24947,0.498940,0.001060,0,2026-07-07T09:25:15
493,fec7ce6528777955e234cff64a6f87c5,89d696fe8068e8b4bfe2484bd3838273,24949,0.498980,0.001020,0,2026-07-07T09:25:15
494,e91914a105742175ef7a415a8f9adf54,8cb3ce7db07e204f4e7737cffd1fad4f,25116,0.502320,0.002320,0,2026-07-07T09:25:16
495,be40a25ab6b030d9cdd5d15a1745061b,5ad5752a47cc793460c917eeb946569f,25277,0.505540,0.005540,1,2026-07-07T09:25:16
496,caafe7d533753c989f799bad0db0d1ed,79cd91476c8bbbf43ccdb0e73e708ae3,25067,0.501340,0.001340,0,2026-07-07T09:25:17
497,82e4599eb4260af62cf263a844d84f78,8f9bb97351f44662911c979ab09bfbe4,25035,0.500700,0.000700,0,2026-07-07T09:25:18
498,7009b857c9f0ad140a7b1109bbe69c93,2b08151b8c8a54f77343be9440043960,25059,0.501180,0.001180,0,2026-07-07T09:25:18
499,639b26b2b4b5c5a0ec91006d4a39bdb1,8e667fa83aedcb658989ed80ee06ab53,25037,0.500740,0.000740,0,2026-07-07T09:25:19
500,d215ccf0ee540201434b2d6497bcbe0a,3272f07d697223b8a908e94b6cadbcda,24980,0.499600,0.000400,0,2026-07-07T09:25:19
